Organization,Compound,Date,Negative,Neutral,Positive,Text,Tweets
BBC,0.0,Fri Sep 07 20:27:13 +0000 2018,1.0,0.0,0.0,@xs4all Nieuwe in-browser TV is een flinke verbetering. Dank. Toch ervaar ik een probleem dat sommige zenders sinds‚Ä¶ https://t.co/P1XvpxRr4u,1
BBC,-0.2912,Fri Sep 07 20:27:12 +0000 2018,0.892,0.108,0.0,@Wailway7 @peoplesvote_uk I'm not really sure what you are talking about. They still haven't sorted out citizens ri‚Ä¶ https://t.co/UV9tAKnDW6,2
BBC,-0.2732,Fri Sep 07 20:27:12 +0000 2018,0.909,0.091,0.0,"RT @pilitaclark: New BBC guidelines for covering climate change say outright deniers aren't needed for balance, ""in the same way you would‚Ä¶",3
BBC,0.0,Fri Sep 07 20:27:12 +0000 2018,1.0,0.0,0.0,BBC News - Spain parishioner botches Jesus and Mary statue restoration https://t.co/PwLdkgh5QU,4
BBC,0.5346,Fri Sep 07 20:27:10 +0000 2018,0.736,0.061,0.203,RT @simon_reeve: Not convinced by this at all. Most plastic is on sea bed. enthusiasm is great but we need to be stopping it getting into o‚Ä¶,5
BBC,-0.3566,Fri Sep 07 20:27:08 +0000 2018,0.85,0.15,0.0,RT @ChrisJSquire: A quick look at some of the councils under the most financial pressure https://t.co/JYess0XBST,6
BBC,0.4588,Fri Sep 07 20:27:08 +0000 2018,0.88,0.0,0.12,"RT @thebabblewagon: We told you Boyan Slat was gonna be big back in episode #82: https://t.co/SPVMVWwYLV

(No we didn‚Äôt, we laughed at his‚Ä¶",7
BBC,0.25,Fri Sep 07 20:27:08 +0000 2018,0.92,0.0,0.08,RT @MikScarlet: Popped down to BBC to do a quick interview about rail travel &amp; had a chance to catch Lenny Kravitz perform his new single.‚Ä¶,8
BBC,0.25,Fri Sep 07 20:27:07 +0000 2018,0.917,0.0,0.083,"RT @Rainmaker1973: James Burke had only one chance to nail this scene. A clip from the 1978 BBC television show Connections, season 1, epis‚Ä¶",9
BBC,0.25,Fri Sep 07 20:27:07 +0000 2018,0.917,0.0,0.083,"RT @Rainmaker1973: James Burke had only one chance to nail this scene. A clip from the 1978 BBC television show Connections, season 1, epis‚Ä¶",10
BBC,0.0,Fri Sep 07 20:27:07 +0000 2018,1.0,0.0,0.0,"'It's the day when I can remove my mask' https://t.co/9ksD10Niih : September 07, 2018 at 08:57PM via mikejulietbravo",11
BBC,0.0,Fri Sep 07 20:27:07 +0000 2018,1.0,0.0,0.0,"Spain parishioner botches Jesus and Mary statue restoration https://t.co/reGaj9vT51 : September 07, 2018 at 08:52PM via mikejulietbravo",12
BBC,0.25,Fri Sep 07 20:27:06 +0000 2018,0.917,0.0,0.083,"RT @Rainmaker1973: James Burke had only one chance to nail this scene. A clip from the 1978 BBC television show Connections, season 1, epis‚Ä¶",13
BBC,-0.5106,Fri Sep 07 20:27:05 +0000 2018,0.87,0.13,0.0,"RT @Paddideh: Examples of extreme poverty and economic mismanagement by Mullahs' regime in the past 39 years, these schools in south east o‚Ä¶",14
BBC,0.0,Fri Sep 07 20:27:04 +0000 2018,1.0,0.0,0.0,"We don‚Äôt deserve do-

Wait. https://t.co/EnuSrRee06",15
BBC,0.0,Fri Sep 07 20:27:04 +0000 2018,1.0,0.0,0.0,@JustABhoy Sitting catching up on tv I‚Äôve not watched for weeks and scanning bbc website for the score. Shambolic,16
BBC,0.7177,Fri Sep 07 20:27:03 +0000 2018,0.76,0.0,0.24,"RT @CarolineLucas: Brilliant to see BBC finally setting things straight! ‚ÄúTo achieve impartiality, you do not need to include outright deni‚Ä¶",17
BBC,0.0,Fri Sep 07 20:27:02 +0000 2018,1.0,0.0,0.0,#Nowplaying Silent letters - BBC Radio (6 Minute Vocabulary) https://t.co/crUoXQbA6X,18
BBC,0.0,Fri Sep 07 20:27:02 +0000 2018,1.0,0.0,0.0,I added a video to a @YouTube playlist https://t.co/UmscFcZnt2 BBC Victorian Farm Episode 1: The Teams Year Begins,19
BBC,0.2263,Fri Sep 07 20:27:01 +0000 2018,0.924,0.0,0.076,"RT @ChrisGPackham: I know , let‚Äôs go back to living in caves . . . We must not go back on this - Japan says it's time to allow sustainable‚Ä¶",20
BBC,0.2023,Fri Sep 07 20:27:01 +0000 2018,0.924,0.0,0.076,RT @BBCAfrica: Meet the street kids from Lagos tipped for the top by Rihanna and Naomi Campbell üíÉüï∫ (Via BBC News Pidgin) https://t.co/VPMoS‚Ä¶,21
BBC,0.4199,Fri Sep 07 20:27:01 +0000 2018,0.903,0.0,0.097,"RT @RockChoir: We‚Äôre almost at Hyde Park ready for sound checks and to get a first glimpse of the BBC Proms in the Park stage!ü§ó

Who else i‚Ä¶",22
BBC,0.0,Fri Sep 07 20:27:00 +0000 2018,1.0,0.0,0.0,"RT @bbcmundo: ""La homofobia es una admisi√≥n impl√≠cita de un deseo homosexual, consciente o inconsciente"": entrevista con Andr√© Aciman, auto‚Ä¶",23
BBC,-0.7506,Fri Sep 07 20:27:00 +0000 2018,0.709,0.291,0.0,"RT @BBCSport: Anyone confused about what the Nations League actually is?

Worry no more.

We have an explainer for you.

https://t.co/cO8Lo‚Ä¶",24
BBC,-0.0772,Fri Sep 07 20:26:59 +0000 2018,0.936,0.064,0.0,"RT @MsHelenWatts: This is serious. The CEO of @Genderintell, the organisation advising @Girlguiding on trans issues, also advised the Priso‚Ä¶",25
BBC,0.2846,Fri Sep 07 20:26:59 +0000 2018,0.915,0.0,0.085,"RT @FullyChargedDan: Delighted to see sense has arrived, but just how rudderless and utterly out of touch are the BBC‚Äôs employees to even n‚Ä¶",26
BBC,0.128,Fri Sep 07 20:26:59 +0000 2018,0.766,0.105,0.129,RT @martynwarwick: @AndrewD85231695 @redtailshark159 Another balanced BBC discussion on the Labour Party with three Tories &amp; no representat‚Ä¶,27
BBC,0.7088,Fri Sep 07 20:26:58 +0000 2018,0.781,0.0,0.219,RT @NeptunesArmy: We are delighted to announce @IoloWilliams2 as our very first patron! Iolo has supported us for many years and has featur‚Ä¶,28
BBC,-0.6486,Fri Sep 07 20:26:58 +0000 2018,0.569,0.431,0.0,Obama attacks 'crazy stuff' from Trump White House https://t.co/EqxeayHZQf,29
BBC,0.3382,Fri Sep 07 20:26:58 +0000 2018,0.715,0.0,0.285,"RT @BBCWorld: Well, it is colourful! ü§î

https://t.co/R63CwDYYKN",30
BBC,-0.296,Fri Sep 07 20:26:58 +0000 2018,0.909,0.091,0.0,"RT @MShapland: Operation Yellowhammer - named after the bird - who's song translates to ""a little bit of bread and no cheese"" 

I am not ma‚Ä¶",31
BBC,0.0,Fri Sep 07 20:26:58 +0000 2018,1.0,0.0,0.0,RT @d00little: So an American police officer walks into an apartment she ‚Äòmistakenly‚Äô thought was hers and shoots the black man inside....‚Ä¶,32
BBC,-0.5106,Fri Sep 07 20:26:57 +0000 2018,0.829,0.171,0.0,RT @MaeveSherlock: Jocelyn Bell Burnell: what a role model. Astrophysicist. Quaker. Failed 11-plus. Discovered pulsars as a student. Nobel‚Ä¶,33
BBC,0.5473,Fri Sep 07 20:26:57 +0000 2018,0.221,0.0,0.779,NICE https://t.co/8Q13SILrP6,34
BBC,0.0,Fri Sep 07 20:26:56 +0000 2018,1.0,0.0,0.0,These stories always rule: Spain parishioner botches Jesus and Mary statue restoration https://t.co/Svk4eTq40k,35
BBC,-0.296,Fri Sep 07 20:26:53 +0000 2018,0.885,0.115,0.0,"@_TrishalaPillai : I came across this while perusing the BBC. Had to ping you in case you missed it ü§ó
https://t.co/sQraO65DvH",36
BBC,-0.4939,Fri Sep 07 20:26:50 +0000 2018,0.652,0.348,0.0,RT @bbcmtd: 'Prolific' burglar jailed https://t.co/emuJIeUVPi https://t.co/nVb8bSe6Kr,37
BBC,-0.128,Fri Sep 07 20:26:50 +0000 2018,0.936,0.064,0.0,"RT @boyfromcatford: If the BBC says that balance does not require including points of view detached from reality, why does it include peopl‚Ä¶",38
BBC,0.4939,Fri Sep 07 20:26:49 +0000 2018,0.833,0.0,0.167,"Commendable honesty &amp; realism from manager Gareth Southgate here as he talks about England's ""non-existent"" record‚Ä¶ https://t.co/JO2g9SZN3V",39
BBC,0.0,Fri Sep 07 20:26:49 +0000 2018,1.0,0.0,0.0,@greenrd @MmmTea_____ @jessicazoeb @Dora_Chance @jameskirkup @BBC @NSPCC @Girlguiding Back to basics - do you think‚Ä¶ https://t.co/zO669rCFEL,40
BBC,0.0,Fri Sep 07 20:26:48 +0000 2018,1.0,0.0,0.0,@SU2C Tonight at 8ET! You can tune in to the live event on BBC Earth. Learn more at https://t.co/2w4SsoXECk https://t.co/q1qe7Mm428,41
BBC,0.296,Fri Sep 07 20:26:48 +0000 2018,0.709,0.089,0.202,"RT @DrJacobsRad: It is easy to apologize for things done by others. It is much harder to apologize for your own mistakes.

#cdnpoli #Trudea‚Ä¶",42
BBC,0.6808,Fri Sep 07 20:26:48 +0000 2018,0.643,0.096,0.261,"RT @BBCSport: From winning the Super Bowl to facing massive jail time.

Mychal Kendricks is in big trouble.

Full story: https://t.co/qxFxx‚Ä¶",43
BBC,0.0,Fri Sep 07 20:26:46 +0000 2018,1.0,0.0,0.0,Giant plastic catcher heads for Pacific Ocean clean-up https://t.co/tou3xKH8Pt,44
BBC,0.0,Fri Sep 07 20:26:46 +0000 2018,1.0,0.0,0.0,RT @bbcnewsjapan: BBC„Éã„É•„Éº„Çπ - Ëã±‰ªè„Äå„Éõ„Çø„ÉÜÊà¶‰∫â„Äç„ÅåÊ±∫ÁùÄ„Å∏„ÄÄ‰∏°ÂõΩ„ÅåÂü∫Êú¨ÂêàÊÑè https://t.co/vtpQSPW3oe,45
BBC,0.0,Fri Sep 07 20:26:46 +0000 2018,1.0,0.0,0.0,"RT @Cyberarms: This is a job for Spaccceeeee Forccceeeeeee! üòÅ
Russian spy satellite got close to a  Franco-Italian satellite and tried to i‚Ä¶",46
BBC,0.0,Fri Sep 07 20:26:45 +0000 2018,1.0,0.0,0.0,"RT @BBCPolitics: ""Brexitcast is going to take over #politicslive for a day on 21 September"" reveals @ChrisMasonBBC  https://t.co/NGAW7ti2rq‚Ä¶",47
BBC,0.0,Fri Sep 07 20:26:45 +0000 2018,1.0,0.0,0.0,"RT @hutchingsmusic: Hello #choralhour folks, a bit of news - in two weeks' time the BBC Singers will be performing one of my pieces in Lond‚Ä¶",48
BBC,0.7177,Fri Sep 07 20:26:44 +0000 2018,0.76,0.0,0.24,"RT @CarolineLucas: Brilliant to see BBC finally setting things straight! ‚ÄúTo achieve impartiality, you do not need to include outright deni‚Ä¶",49
BBC,0.0,Fri Sep 07 20:26:43 +0000 2018,1.0,0.0,0.0,RT @beasiiqueiraa: Kkkkkkkkkk bbc https://t.co/Mndkmm8D0Z,50
BBC,0.0,Fri Sep 07 20:26:43 +0000 2018,1.0,0.0,0.0,"RT @gracedavies: Hey huns! I‚Äôm performing wolves at around 21:40 (I think) if you wanna time in. 

BBC livestream link below!!! https://t.c‚Ä¶",51
BBC,0.0,Fri Sep 07 20:26:42 +0000 2018,1.0,0.0,0.0,Por qu√© la Am√©rica espa√±ola se dividi√≥ en muchos pa√≠ses mientras que Brasil qued√≥ en un solo pa√≠s https://t.co/4SWwyusVpm,52
BBC,0.0,Fri Sep 07 20:26:40 +0000 2018,1.0,0.0,0.0,"I saw this on the BBC and thought you should see it:

‡§ï‡§æ‡§∞‡•ç‡§ü‡•Ç‡§®: ‡§¨‡•Å‡§≤‡§æ‡§µ‡•á ‡§ï‡•Ä ‡§ü‡§æ‡§á‡§Æ‡§ø‡§Ç‡§ó ‡§¶‡•á‡§ñ‡§ø‡§è - https://t.co/JWTUdgEkNQ",53
BBC,0.25,Fri Sep 07 20:26:38 +0000 2018,0.917,0.0,0.083,"RT @Rainmaker1973: James Burke had only one chance to nail this scene. A clip from the 1978 BBC television show Connections, season 1, epis‚Ä¶",54
BBC,0.0,Fri Sep 07 20:26:38 +0000 2018,1.0,0.0,0.0,RT @SoleCollector: .@Pharrell and Adidas are releasing another @NERDarmy NMD Hu: https://t.co/hcIZ3Hrfk2 https://t.co/vbX6dJNmdj,55
BBC,-0.296,Fri Sep 07 20:26:37 +0000 2018,0.896,0.104,0.0,"RT @bbcmundo: ""La administraci√≥n espa√±ola se estableci√≥ alrededor de dos centros principales: M√©xico y Lima. Eso no sucedi√≥ en Brasil, dond‚Ä¶",56
BBC,-0.5423,Fri Sep 07 20:26:36 +0000 2018,0.821,0.179,0.0,"‚§µ watch ‚§µ 

https://t.co/XPo7pwsTGt 

doggy style porn amateur ass bbc big bigdick black sex xxx nsfw
#Big #Bigdick #Black",57
BBC,0.0,Fri Sep 07 20:26:35 +0000 2018,1.0,0.0,0.0,RT @kinokopowermx: 2 acontecimientos han azotado a Jap√≥n: 1 es el sismo que afect√≥ la isla de Hokkaido (a m√°s de 1000 km de Tokio) y del qu‚Ä¶,58
BBC,0.25,Fri Sep 07 20:26:35 +0000 2018,0.917,0.0,0.083,"RT @Rainmaker1973: James Burke had only one chance to nail this scene. A clip from the 1978 BBC television show Connections, season 1, epis‚Ä¶",59
BBC,0.0,Fri Sep 07 20:26:35 +0000 2018,1.0,0.0,0.0,"@Momomirooo ÿ∑ÿ® ÿßŸÅÿ™ÿ≠Ÿä ÿßŸÑŸÑŸäŸÜŸÉ Ÿà ÿßŸÇÿ±Ÿä ÿßŸÑŸÑŸä ŸÖŸÉÿ™Ÿàÿ®
ÿßŸÑ bbc ŸÖÿπÿ±ŸàŸÅ ŸÖŸàŸÇŸÅŸáÿß ÿßŸÑÿπÿØÿßÿ¶Ÿä ŸÖŸÜ ŸÖÿµÿ± https://t.co/Xodc1VquyW",60
BBC,0.3182,Fri Sep 07 20:26:35 +0000 2018,0.777,0.0,0.223,100 Women: The truth behind the 'bra-burning' feminists https://t.co/PMwQLJBde9,61
BBC,0.0,Fri Sep 07 20:26:34 +0000 2018,1.0,0.0,0.0,RT @ikramcan40: ƒ∞ran Tahran'daki zirve'de Putin Erdoƒüan'ƒ± azarladi: Bu masada DAI≈û temsilcisi yok dedi. Yani halk dilinde Erdoƒüan'a dedi ki‚Ä¶,62
BBC,0.6249,Fri Sep 07 20:26:34 +0000 2018,0.796,0.0,0.204,RT @NorthMonHistory: Teachers &amp; students studying Northern Ireland. Great for a discussion or research project. @CorkHTA @JctHistory #histe‚Ä¶,63
BBC,-0.4215,Fri Sep 07 20:26:33 +0000 2018,0.877,0.123,0.0,"RT @BBCSport: ""If we don't put this right we're going to have a chronic situation.""

The threats to England's football future: https://t.co‚Ä¶",64
BBC,-0.4939,Fri Sep 07 20:26:33 +0000 2018,0.811,0.189,0.0,RT @ParleyCharlie: @shazied @chelleryn99 @Channel4News They‚Äôve fast become a propaganda arm of the @BBC and I suspect it‚Äôs due to Govt pres‚Ä¶,65
BBC,0.4404,Fri Sep 07 20:26:33 +0000 2018,0.884,0.0,0.116,@RobBurl Thanks for the reply and I retract my assumption. It is based on the BBC board being told by the Tory part‚Ä¶ https://t.co/VG52KrTTtq,66
BBC,0.2023,Fri Sep 07 20:26:33 +0000 2018,0.816,0.0,0.184,RT @BBC1XMusicBot: Now Playing Davido - NWA Baby @iam_Davido https://t.co/BjXRBcYtqL,67
BBC,-0.2732,Fri Sep 07 20:26:32 +0000 2018,0.913,0.087,0.0,"RT @KenSustainable: This: ‚ÄúTo achieve impartiality, you do not need to include outright deniers of climate change in BBC coverage, in the s‚Ä¶",68
BBC,-0.2732,Fri Sep 07 20:26:31 +0000 2018,0.851,0.149,0.0,BBC News - Divorce law: Ministers plan overhaul to cut 'antagonism' https://t.co/dCSKOnb8pg #nofaultdivorce‚Ä¶ https://t.co/Wjftlqnlqi,69
BBC,0.0,Fri Sep 07 20:26:31 +0000 2018,1.0,0.0,0.0,RT @BBCSO: Count down to the Last Night of the @bbcproms is on and we can't wait! @BBCSingers @JessGillamSax @GeraldFinley #BBCSC Here are‚Ä¶,70
BBC,0.8442,Fri Sep 07 20:26:31 +0000 2018,0.664,0.0,0.336,@GigiEngle Well have a safe and great flight over to this  side of the pond...and do remember we have many accents‚Ä¶ https://t.co/1GmIPZhGK8,71
BBC,-0.0258,Fri Sep 07 20:26:31 +0000 2018,0.753,0.126,0.121,"Commercial whaling has been effectively banned for more than 30 years, after some whales were driven almost to exti‚Ä¶ https://t.co/4dNRKzgeqU",72
BBC,0.6124,Fri Sep 07 20:26:30 +0000 2018,0.688,0.083,0.228,RT @altweet_pet: Gateshead Millennium Bridge looking stunning lit up in honour of pioneering women who fought for equality &amp; the vote. A th‚Ä¶,73
BBC,0.0,Fri Sep 07 20:26:30 +0000 2018,1.0,0.0,0.0,That is such a spaniel thing to do... https://t.co/GfTieAWs3c,74
BBC,0.0,Fri Sep 07 20:26:27 +0000 2018,1.0,0.0,0.0,"RT @bbcbrasil: Em 2017, mais brasileiros foram ao Louvre, em Paris, do que ao Museu Nacional https://t.co/YVAyP5bMuf https://t.co/3IzBk3zJlr",75
BBC,0.25,Fri Sep 07 20:26:26 +0000 2018,0.917,0.0,0.083,"RT @Rainmaker1973: James Burke had only one chance to nail this scene. A clip from the 1978 BBC television show Connections, season 1, epis‚Ä¶",76
BBC,-0.4019,Fri Sep 07 20:26:25 +0000 2018,0.667,0.218,0.115,"Allow me to wade in, as a former pupil. Pointless, idiotic, money grab. https://t.co/7y1UO2mv0K",77
BBC,0.5574,Fri Sep 07 20:26:25 +0000 2018,0.69,0.0,0.31,RT @BBCWorld: Kavanaugh Supreme Court hearings: Five takeaways https://t.co/FJho4euD2B,78
BBC,0.0,Fri Sep 07 20:26:23 +0000 2018,1.0,0.0,0.0,"RT @BBCSportScot: An introduction to Oran Kearney, St Mirren's new manager...üëá

‚û°Ô∏è https://t.co/3S48wMBUho https://t.co/OaGdXR8R9u",79
BBC,0.0,Fri Sep 07 20:26:22 +0000 2018,1.0,0.0,0.0,"RT @bbcmundo: La lengua de esta mujer se puso negra. ¬øCu√°l es la explicaci√≥n?
https://t.co/U3fFOiAG9f",80
BBC,-0.7506,Fri Sep 07 20:26:21 +0000 2018,0.709,0.291,0.0,"RT @BBCSport: Anyone confused about what the Nations League actually is?

Worry no more.

We have an explainer for you.

https://t.co/cO8Lo‚Ä¶",81
BBC,0.0,Fri Sep 07 20:26:21 +0000 2018,1.0,0.0,0.0,RT @westfieldglenn1: The BBC involved in the production of this film. So why won‚Äôt they show it on the BBC. @BBC https://t.co/OLPciBpgTx,82
BBC,0.0,Fri Sep 07 20:26:21 +0000 2018,1.0,0.0,0.0,"RT @BBCPolitics: The PM can't ""keep dancing around the issues"" over #Brexit, says Jeremy Corbyn #PMQs https://t.co/MTFXGTc1B9 https://t.co/‚Ä¶",83
BBC,0.0,Fri Sep 07 20:26:21 +0000 2018,1.0,0.0,0.0,Kkkkkkkkkk bbc https://t.co/Mndkmm8D0Z,84
BBC,0.0,Fri Sep 07 20:26:20 +0000 2018,1.0,0.0,0.0,"RT @bbcturkce: Aladaƒü'da 11'i √ßocuk, 12 ki≈üinin ya≈üamƒ±nƒ± yitirdiƒüi yurt yangƒ±nƒ± davasƒ±nda iki ki≈üi tahliye edildi. B√∂ylece tutuklu sanƒ±k ka‚Ä¶",85
BBC,0.4767,Fri Sep 07 20:26:20 +0000 2018,0.741,0.086,0.173,#Predator actor (another predator) is cut off from film that is shows in glorious realism unthinkable acts of viole‚Ä¶ https://t.co/T6Amnz31H5,86
BBC,0.0,Fri Sep 07 20:26:20 +0000 2018,1.0,0.0,0.0,"La idea de que los millonarios que crean startups digitales son todos j√≥venes reci√©n salidos de la universidad, no‚Ä¶ https://t.co/LGNdFgCeRq",87
BBC,0.0,Fri Sep 07 20:26:18 +0000 2018,1.0,0.0,0.0,RT @mistersoff: Just seen a #fridaynight drug deal live on the BBC üòÜüòÜ https://t.co/KpRe689JCJ,88
BBC,0.25,Fri Sep 07 20:26:17 +0000 2018,0.917,0.0,0.083,"RT @Rainmaker1973: James Burke had only one chance to nail this scene. A clip from the 1978 BBC television show Connections, season 1, epis‚Ä¶",89
BBC,0.4588,Fri Sep 07 20:26:17 +0000 2018,0.889,0.0,0.111,"RT @Joanne_Lake: This fab BBC resource allows you to search TV listings for your birth date. Me: Doctor Who, Dad‚Äôs Army and World Cup Grand‚Ä¶",90
BBC,0.0,Fri Sep 07 20:26:17 +0000 2018,1.0,0.0,0.0,RT @Style4Soldiers: Emma Willis on her last visit to Headley Court prior to its closure on @bbcpointswest Interviewed by @Knibbsey @BBCNews‚Ä¶,91
BBC,0.5574,Fri Sep 07 20:26:16 +0000 2018,0.625,0.0,0.375,Kavanaugh Supreme Court hearings: Five takeaways https://t.co/FJho4euD2B,92
BBC,0.0,Fri Sep 07 20:26:16 +0000 2018,1.0,0.0,0.0,Halkan ka daawo barnaamijka caawa iyo caalamka ee Telefishinka BBC Somali 07 09 2018 https://t.co/3HZ9JnMXfH,93
BBC,0.3338,Fri Sep 07 20:26:15 +0000 2018,0.889,0.0,0.111,"RT @SpillerOfTea: You‚Äôre so close to a really fucking important breakthrough here, @BBCNews.

Take what you‚Äôve learned about your climate c‚Ä¶",94
BBC,-0.1458,Fri Sep 07 20:26:14 +0000 2018,0.819,0.104,0.077,"RT @BBCiPlayer: So intense you‚Äôll forget to breathe. Bodyguard.
Watch the series so far on BBC iPlayer.
https://t.co/CKlk2j7unv https://t.c‚Ä¶",95
BBC,0.25,Fri Sep 07 20:26:13 +0000 2018,0.917,0.0,0.083,"RT @Rainmaker1973: James Burke had only one chance to nail this scene. A clip from the 1978 BBC television show Connections, season 1, epis‚Ä¶",96
BBC,0.25,Fri Sep 07 20:26:12 +0000 2018,0.917,0.0,0.083,"RT @Rainmaker1973: James Burke had only one chance to nail this scene. A clip from the 1978 BBC television show Connections, season 1, epis‚Ä¶",97
BBC,0.0,Fri Sep 07 20:26:11 +0000 2018,1.0,0.0,0.0,"RT @nja5: Who run the BBC, a bunch of millionaires, who do the right wing Tories look after millionaires that's why they are constantly cri‚Ä¶",98
BBC,0.0,Fri Sep 07 20:26:11 +0000 2018,1.0,0.0,0.0,https://t.co/XfMJSd581U,99
BBC,-0.7165,Fri Sep 07 20:26:11 +0000 2018,0.828,0.172,0.0,"RT @HistoryHit: One of the most famous murder cases of the 20th century is undoubtedly that of Grigori Rasputin in 1916. But, even today, t‚Ä¶",100
CBS,-0.5267,Fri Sep 07 20:27:11 +0000 2018,0.773,0.227,0.0,"RT @Buccaneers: Corners Brent Grimes and De'Vante Harris are designated as doubtful for Sunday's game.

#GoBucs
https://t.co/je3nmGLSil",1
CBS,-0.34,Fri Sep 07 20:27:09 +0000 2018,0.862,0.138,0.0,Midterm elections blue wave looking doubtful https://t.co/tMptwIE5ZV #Democrats could have spent the time to rebuil‚Ä¶ https://t.co/ekMtPJpfUP,2
CBS,-0.3818,Fri Sep 07 20:27:05 +0000 2018,0.536,0.464,0.0,@DeadlineDominic @CBS @David_Boreanaz Crap.,3
CBS,0.0,Fri Sep 07 20:27:00 +0000 2018,1.0,0.0,0.0,RT @bess_shannon: @DanielGoddard @YRInsider @YandR_CBS @CNNFreedom @AFJustice @soapsindepthcbs @soapsindepthabc @ChristelAdnana @LaneArmy @‚Ä¶,4
CBS,0.128,Fri Sep 07 20:26:59 +0000 2018,0.722,0.129,0.148,"RT @VanityFair: Following her wardrobe malfunction at the 2004 Super Bowl, embattled CBS chief Les Moonves reportedly wanted to sabotage th‚Ä¶",5
CBS,0.5994,Fri Sep 07 20:26:58 +0000 2018,0.83,0.0,0.17,"RT @rolandsmartin: Les Moonves, the CBS chief executive, believed the infamous Super Bowl wardrobe malfunction was deliberate, and was inte‚Ä¶",6
CBS,0.3182,Fri Sep 07 20:26:44 +0000 2018,0.892,0.0,0.108,@LetsTalkSoaps B4 the internet fans personally wrote letters to the producers or fan clubs in regards to their favo‚Ä¶ https://t.co/J6JKdoSWbp,7
CBS,0.802,Fri Sep 07 20:26:28 +0000 2018,0.699,0.0,0.301,"@squigles92 @Ally__Mack Certainly need cbs, surely he should of put out his strongest 11 to practice for Monday which is a massive game?",8
CBS,0.0,Fri Sep 07 20:26:25 +0000 2018,1.0,0.0,0.0,@adrianstripped @Crispy829 @Laurita_Q11 @lgb1060 @shellBB_1 @BandB_CBS U would think so,9
CBS,0.0,Fri Sep 07 20:26:19 +0000 2018,1.0,0.0,0.0,@TheView @laurilhoganABC Deleted abc from my TV remote. #savethechew @abc15 @thechew @ABCNetwork @CBS @nbc,10
CBS,0.5994,Fri Sep 07 20:26:10 +0000 2018,0.804,0.0,0.196,CBS CEO Les Moonves reportedly sought to ‚Äòruin‚Äô Janet Jackson‚Äôs career after Super Bowl ‚Äòwardrobe mal‚Ä¶ https://t.co/R8N6efZK4T,11
CBS,-0.5574,Fri Sep 07 20:26:06 +0000 2018,0.763,0.237,0.0,"@LeahRBoss YTD 2018, 135 officers lost their lives. Some died in traffic accidents, but nearly half were shot to de‚Ä¶ https://t.co/TGejGcG2w7",12
CBS,0.0,Fri Sep 07 20:25:51 +0000 2018,1.0,0.0,0.0,"RT @WValderrama: September 25th we are back on @CBS 
And everyone relax.. I am sitting down.. (I am taller in person! Hahaha) https://t.co/‚Ä¶",13
CBS,0.0772,Fri Sep 07 20:25:45 +0000 2018,0.949,0.0,0.051,RT @Mirjam152: In Nederland stijgen de prijzen meer dan elders in de EU. Prima. Want onze lonen rijzen de pan uit en de lastenverlichting d‚Ä¶,14
CBS,-0.1027,Fri Sep 07 20:25:44 +0000 2018,0.887,0.113,0.0,"I pay for Live feeds, not reels all day, come on #cbs #BB20",15
CBS,0.0,Fri Sep 07 20:25:43 +0000 2018,1.0,0.0,0.0,RT @iamSeyli: Wsh elle va accoucher d‚Äôun T-max la https://t.co/tHtYTtL3RX,16
CBS,0.3612,Fri Sep 07 20:25:43 +0000 2018,0.839,0.0,0.161,"RT @Bengals: We're ready. Are you? #SeizeTheDEY

#CINvsIND - 9/9 1pm ET - üì∫: CBS https://t.co/WPAhb0vXEs",17
CBS,0.0,Fri Sep 07 20:25:39 +0000 2018,1.0,0.0,0.0,@alley167 @shelleybill @CNN @CBS @MSNBC @realDonaldTrump That's why these news networks are at the bottom in ratings.,18
CBS,0.0,Fri Sep 07 20:25:30 +0000 2018,1.0,0.0,0.0,"Unusual Calls 

$BUD $CMCSA $CBS $ENDP $ETE $GDEN $EWZ $EXP",19
CBS,0.0,Fri Sep 07 20:25:27 +0000 2018,1.0,0.0,0.0,"@CGasparino @elonmusk @cheechandchong @CBS Mother talkin to me,

Try ta tell me how to live.

Da da da, da da da, d‚Ä¶ https://t.co/KjiiIoN8gT",20
CBS,0.8655,Fri Sep 07 20:25:23 +0000 2018,0.717,0.0,0.283,"RT @Charmed_Reunion: CBS has officially renewed the license of the #CHARMED theme song ""How Soon Is Now?"" by Love Spit Love! Season 3 in it‚Ä¶",21
CBS,0.0258,Fri Sep 07 20:25:18 +0000 2018,0.688,0.154,0.158,RT @TheRoot: CBS executive Les Moonves reportedly tried to ruin Janet Jackson‚Äôs career after ‚Äô04 Super Bowl: https://t.co/HWgeqV5pz2 https:‚Ä¶,22
CBS,0.837,Fri Sep 07 20:24:52 +0000 2018,0.469,0.0,0.531,"RT @Tjsweetsong: WOW @CBS RELEASED THIS! I‚Äôm impressed 
https://t.co/kp70ls4Yob",23
CBS,-0.3182,Fri Sep 07 20:24:51 +0000 2018,0.881,0.119,0.0,"@Crispy829 @adrianstripped @Laurita_Q11 @shellBB_1 @BandB_CBS My thoughts too. She lost me the day she told  Zoe, ""‚Ä¶ https://t.co/VfEIGspqSl",24
CBS,0.1655,Fri Sep 07 20:24:51 +0000 2018,0.916,0.0,0.084,"@qastor @SCSportsNetwork @ACashwell Baker and wilson yea they have experience for sure, but their other cbs are all‚Ä¶ https://t.co/9vs2WcACqe",25
CBS,0.0,Fri Sep 07 20:24:46 +0000 2018,1.0,0.0,0.0,RT @TVLine: .@SophiaBush to Headline Spy Drama #Surveillance in Development at CBS https://t.co/9MVX0hZh9z https://t.co/VCkZSR3RRs,26
CBS,0.0,Fri Sep 07 20:24:41 +0000 2018,1.0,0.0,0.0,RT @TVLine: #ChicagoPD alumna @SophiaBush is set to star in CBS‚Äô in-the-works spy drama #Surveillance: https://t.co/9MVX0hZh9z https://t.co‚Ä¶,27
CBS,0.4404,Fri Sep 07 20:24:40 +0000 2018,0.838,0.0,0.162,@StarTrekOT @ClassKlingon @RandomMnky @Robbins17Chris @doomcock @simeyowen I hope it pans out and it does seam logi‚Ä¶ https://t.co/5ftHAhxhRS,28
CBS,0.6369,Fri Sep 07 20:24:38 +0000 2018,0.84,0.0,0.16,"Jim Nantz's presence at a game indicates it's the best thing that CBS has going on any given NFL Sunday, and that i‚Ä¶ https://t.co/w2JI5VN8px",29
CBS,0.0,Fri Sep 07 20:24:32 +0000 2018,1.0,0.0,0.0,"RT @JANETbrsite: Fontes dizem que o executivo da CBS, Leslie Moonves, era obcecado por destruir a carreira de Janet Jackson porque, ao cont‚Ä¶",30
CBS,0.0865,Fri Sep 07 20:24:31 +0000 2018,0.934,0.0,0.066,"RT @jodikantor: To everyone who predicted that the allegations against Les Moonves would have little impact, here's a scoop from @edmundlee‚Ä¶",31
CBS,0.0258,Fri Sep 07 20:24:27 +0000 2018,0.688,0.154,0.158,RT @TheRoot: CBS executive Les Moonves reportedly tried to ruin Janet Jackson‚Äôs career after ‚Äô04 Super Bowl: https://t.co/HWgeqV5pz2 https:‚Ä¶,32
CBS,0.0,Fri Sep 07 20:24:25 +0000 2018,1.0,0.0,0.0,@KingMinos777 @ginatognoni @YandR_CBS @CBSDaytime Phyllis will look out for billy #YR,33
CBS,0.1779,Fri Sep 07 20:24:11 +0000 2018,0.728,0.123,0.149,RT @AFirm4Creatives: Haters: CBS head Les Moonves was behind the Janet Jackson blackballing after Super Bowl malfunction and targeted her f‚Ä¶,34
CBS,0.6808,Fri Sep 07 20:24:11 +0000 2018,0.772,0.0,0.228,"RT @Nebula_GOTG_17: I wish the media would make better choices.

Ex: instead of overblowing the 'fallout' re: Nike, you all could've focuse‚Ä¶",35
CBS,0.128,Fri Sep 07 20:24:06 +0000 2018,0.711,0.134,0.154,Les Moonves Reportedly Tried to Sabotage Janet Jackson‚Äôs Career After Super Bowl ‚ÄòNip Slip‚Äô: CBS head Les Moonves a‚Ä¶ https://t.co/ik2lG4NSXl,36
CBS,0.5994,Fri Sep 07 20:24:01 +0000 2018,0.83,0.0,0.17,"RT @rolandsmartin: Les Moonves, the CBS chief executive, believed the infamous Super Bowl wardrobe malfunction was deliberate, and was inte‚Ä¶",37
CBS,-0.5267,Fri Sep 07 20:24:01 +0000 2018,0.827,0.129,0.043,RT @axavier__: Les Moonves targeted Janet Jackson because she was a black female who he felt owed him an apology. @CBS you all are shit for‚Ä¶,38
CBS,0.0,Fri Sep 07 20:23:58 +0000 2018,1.0,0.0,0.0,"RT @GossipRoomOff: Sophia Bush sera de retour dans #Surveillance, une nouvelle s√©rie CBS d'espionnage o√π elle interpr√©tera une charmante re‚Ä¶",39
CBS,-0.3612,Fri Sep 07 20:23:58 +0000 2018,0.857,0.143,0.0,RT @Missjen325: @KingMinos777 @lirabobeera @ginatognoni @YandR_CBS Lots and lots of money . Kyle paying her debt #YR,40
CBS,0.802,Fri Sep 07 20:23:56 +0000 2018,0.294,0.0,0.706,@SandersMichi @YandR_CBS Best response haha,41
CBS,0.5386,Fri Sep 07 20:23:55 +0000 2018,0.656,0.096,0.248,@KingMinos777 @ginatognoni @YandR_CBS @CBSDaytime Phyllis is not stupid Phyllis know when someone is up to no good #YR,42
CBS,0.0,Fri Sep 07 20:23:55 +0000 2018,1.0,0.0,0.0,@YandR_CBS John Abbott,43
CBS,-0.6597,Fri Sep 07 20:23:54 +0000 2018,0.714,0.286,0.0,RT @Missjen325: @KingMinos777 @lirabobeera @ginatognoni @YandR_CBS She work with the devil #YR,44
CBS,0.1326,Fri Sep 07 20:23:53 +0000 2018,0.596,0.18,0.224,@YandR_CBS John. The Abbotts shouldn't be destroyed like this.,45
CBS,-0.5859,Fri Sep 07 20:23:50 +0000 2018,0.817,0.183,0.0,RT @WWLTV: CBS CEO Les Moonves Reportedly Looked To Ruin Janet Jackson's Career After Wardrobe Malfunction https://t.co/iL7pA9kKVN https://‚Ä¶,46
CBS,0.0,Fri Sep 07 20:23:50 +0000 2018,1.0,0.0,0.0,RT @DEADLINE: CBS Stock Climbs 3% Again As Les Moonves Watch Continues https://t.co/h476qMRnTt https://t.co/4ckC57cO2m,47
CBS,0.4404,Fri Sep 07 20:23:44 +0000 2018,0.861,0.0,0.139,RT @AAAIceBreakers: Thanks Twin Rinks for the first 2 skates. Next 3 skates up the shore in CBS. #shortbenchlongskate #playingwell #newyear‚Ä¶,48
CBS,0.0258,Fri Sep 07 20:23:37 +0000 2018,0.688,0.154,0.158,RT @TheRoot: CBS executive Les Moonves reportedly tried to ruin Janet Jackson‚Äôs career after ‚Äô04 Super Bowl: https://t.co/HWgeqV5pz2 https:‚Ä¶,49
CBS,0.5093,Fri Sep 07 20:23:37 +0000 2018,0.859,0.0,0.141,"RT @Croche_Pat: - Allez arr√™te de pleurer Quentin.
- C‚Äô√©tait mon cordon bleu !
- Mais c‚Äôest √ßa le pr√©l√®vement √† la source mon grand. Allez‚Ä¶",50
CBS,0.5994,Fri Sep 07 20:23:29 +0000 2018,0.83,0.0,0.17,RT @shadowandact: CBS head #LesMoonves was behind the #JanetJackson blackballing after Super Bowl malfunction and targeted her for years ht‚Ä¶,51
CBS,0.1779,Fri Sep 07 20:23:26 +0000 2018,0.816,0.08,0.105,RT @reptomcoleman: Recall when Les Moonves told his CBS affiliates something to the effect: Trump may be bad for America but he sure is goo‚Ä¶,52
CBS,-0.4735,Fri Sep 07 20:23:22 +0000 2018,0.616,0.276,0.108,@sullivanradio The talk of a deal for Les Moonves to leave CBS is disgusting. I don't agree with punishment without‚Ä¶ https://t.co/0XeHVMteyX,53
CBS,0.0,Fri Sep 07 20:23:21 +0000 2018,1.0,0.0,0.0,RT @Missjen325: @KingMinos777 @MelissaOrdway @YandR_CBS @CBSDaytime You are and always will be a abbott its in your genes. You grew up as a‚Ä¶,54
CBS,0.0,Fri Sep 07 20:23:15 +0000 2018,1.0,0.0,0.0,"RT @NCIS_CBS: We can't get enough of @BrianDietzen, so we cloned him for this photo... üòÇ This @CBSWatch gallery of #NCIS stars is just so e‚Ä¶",55
CBS,0.0,Fri Sep 07 20:23:14 +0000 2018,1.0,0.0,0.0,@Crispy829 @Laurita_Q11 @lgb1060 @shellBB_1 @BandB_CBS Because they're used to being who they are.,56
CBS,0.0,Fri Sep 07 20:23:11 +0000 2018,1.0,0.0,0.0,The day Ross Brittain and I met the Jerky Boys on Z100.. as chronicled on CBS TV! https://t.co/VBRrV2nE15,57
CBS,0.5106,Fri Sep 07 20:23:10 +0000 2018,0.752,0.0,0.248,RT @Missjen325: @KingMinos777 @YandR_CBS @CBSDaytime @CityOfLasVegas Let the fun begin . #YR,58
CBS,0.0,Fri Sep 07 20:23:07 +0000 2018,1.0,0.0,0.0,RT @violainefourni2: @SameSexLov @malyoung @AngelicaMcD @CBSDaytime @caitfairbanks @YandR_CBS @camryngrimes not me never,59
CBS,0.0,Fri Sep 07 20:23:01 +0000 2018,1.0,0.0,0.0,RT @Missjen325: @KingMinos777 @ginatognoni @MyJasonThompson @YandR_CBS Phyllis is standing by her man ‚ù§,60
CBS,-0.6597,Fri Sep 07 20:22:58 +0000 2018,0.672,0.328,0.0,@KingMinos777 @lirabobeera @ginatognoni @YandR_CBS She work with the devil #YR,61
CBS,0.0,Fri Sep 07 20:22:55 +0000 2018,1.0,0.0,0.0,@YandR_CBS It‚Äôs victor,62
CBS,0.1779,Fri Sep 07 20:22:53 +0000 2018,0.805,0.084,0.111,Saw there is a new #MagnumPI this fall on @CBS and here on @CTV Until the star grows a good Mustache I refuse to wa‚Ä¶ https://t.co/NZtMQtBdx2,63
CBS,0.0,Fri Sep 07 20:22:53 +0000 2018,1.0,0.0,0.0,@YandR_CBS John Abbott Victor switched the tests,64
CBS,0.0,Fri Sep 07 20:22:49 +0000 2018,1.0,0.0,0.0,@Nebula_GOTG_17 @StormResist @CBS @ABC @CNN https://t.co/6NV4XHCOfA,65
CBS,0.4215,Fri Sep 07 20:22:47 +0000 2018,0.887,0.0,0.113,"RT @vintagewingnut: Just checked the CBS website and the reviews are in. The average rating for entertainment, drama &amp; intrigue on the feed‚Ä¶",66
CBS,0.0,Fri Sep 07 20:22:46 +0000 2018,1.0,0.0,0.0,@Crispy829 @Laurita_Q11 @lgb1060 @shellBB_1 @BandB_CBS She's does a bit psychoüòÇüòÇ,67
CBS,0.3291,Fri Sep 07 20:22:46 +0000 2018,0.907,0.0,0.093,"RT @TVtater: I see some on  here happy that CBS might be making some executive changes, but that also might mean new executives don‚Äôt value‚Ä¶",68
CBS,0.6808,Fri Sep 07 20:22:32 +0000 2018,0.772,0.0,0.228,"RT @Nebula_GOTG_17: I wish the media would make better choices.

Ex: instead of overblowing the 'fallout' re: Nike, you all could've focuse‚Ä¶",69
CBS,0.0,Fri Sep 07 20:22:30 +0000 2018,1.0,0.0,0.0,@YandR_CBS Can be only John Abbott think we need a cameo from him 2 confirm that,70
CBS,-0.3612,Fri Sep 07 20:22:30 +0000 2018,0.839,0.161,0.0,@KingMinos777 @lirabobeera @ginatognoni @YandR_CBS Lots and lots of money . Kyle paying her debt #YR,71
CBS,0.0701,Fri Sep 07 20:22:29 +0000 2018,0.685,0.15,0.165,@lgb1060 @Crispy829 @Laurita_Q11 @shellBB_1 @BandB_CBS I don't care for her and I hope Zoe gets Xander.,72
CBS,0.0,Fri Sep 07 20:22:28 +0000 2018,1.0,0.0,0.0,"RT @TxDOTELP: Mall Braided Ramps Project Closures: Sunday, Sept. 9, 9pm-5am. Gateway Blvd EB complete frontage road closure between Airway‚Ä¶",73
CBS,-0.34,Fri Sep 07 20:22:26 +0000 2018,0.769,0.231,0.0,"@YandR_CBS Victor messed with the results, it's John Abbott",74
CBS,0.1779,Fri Sep 07 20:22:23 +0000 2018,0.705,0.133,0.162,Haters: CBS head Les Moonves was behind the Janet Jackson blackballing after Super Bowl malfunction and targeted he‚Ä¶ https://t.co/neGF80BBY8,75
CBS,0.0,Fri Sep 07 20:22:22 +0000 2018,1.0,0.0,0.0,@CNN @MSNBC @TheView @CBS are you reporting this?? #REALNEWS https://t.co/Njx8ZDyzQb,76
CBS,0.0,Fri Sep 07 20:22:20 +0000 2018,1.0,0.0,0.0,"RT @GossipRoomOff: Sophia Bush sera de retour dans #Surveillance, une nouvelle s√©rie CBS d'espionnage o√π elle interpr√©tera une charmante re‚Ä¶",77
CBS,0.6988,Fri Sep 07 20:22:13 +0000 2018,0.676,0.0,0.324,@BandB_CBS I love these two together!! üòç they need more of a storyline.  ‚ù§‚ù§üíï,78
CBS,0.0,Fri Sep 07 20:22:11 +0000 2018,1.0,0.0,0.0,@DanielGoddard @YRInsider @YandR_CBS @CNNFreedom @AFJustice @soapsindepthcbs @soapsindepthabc @ChristelAdnana‚Ä¶ https://t.co/KGDc3lGlPg,79
CBS,-0.1531,Fri Sep 07 20:22:08 +0000 2018,0.649,0.206,0.145,"RT @Shakestweetz: Wow this fucking guy. ""Former CBS anchor Charlie Rose filed a motion Friday to dismiss a sexual harassment lawsuit brough‚Ä¶",80
CBS,0.0,Fri Sep 07 20:22:05 +0000 2018,0.777,0.112,0.112,"Hey @foundersbrewing. I think the horse lost its Canadian Mountie, eh? So you‚Äôre bottling CBS again? Please bottle‚Ä¶ https://t.co/zGDzWOyTe7",81
CBS,0.5994,Fri Sep 07 20:22:05 +0000 2018,0.813,0.0,0.187,RT @thefader: CBS chief executive was reportedly fixated on ‚Äúruining‚Äù Janet Jackson‚Äôs career after Super Bowl incident. https://t.co/soigFb‚Ä¶,82
CBS,0.34,Fri Sep 07 20:21:55 +0000 2018,0.888,0.0,0.112,"RT @lovingseries: CBS se ha hecho con #Surveillance, un nuevo drama para la pr√≥xima temporada protagonizado por Sophia Bush. https://t.co/x‚Ä¶",83
CBS,-0.5267,Fri Sep 07 20:21:54 +0000 2018,0.796,0.155,0.049,"I suppose being on CBS, it was only a matter of time before ""The Price Is Right"" became a gritty crime drama. https://t.co/Bbn2DLeI85",84
CBS,0.3818,Fri Sep 07 20:21:53 +0000 2018,0.874,0.0,0.126,@Crispy829 @Laurita_Q11 @lgb1060 @shellBB_1 @BandB_CBS It is. Donna and Brooke are best at it but history shows tha‚Ä¶ https://t.co/suPtcP2QOH,85
CBS,0.3612,Fri Sep 07 20:21:51 +0000 2018,0.898,0.0,0.102,RT @TheTalkCBS: WATCH: Chef @joeisidori is heating things up and showing the ladies some of his signature dishes. Who‚Äôs ready for some Texa‚Ä¶,86
CBS,-0.296,Fri Sep 07 20:21:48 +0000 2018,0.909,0.091,0.0,RT @jsn2007: 48 Hours Premiered ‚ÄòA Brother‚Äôs Mission‚Äô on CBS: Claudia Hoerig Stands Accused of Gunning Down Husband Karl &amp; Fleeing to Brazi‚Ä¶,87
CBS,0.5994,Fri Sep 07 20:21:47 +0000 2018,0.83,0.0,0.17,"RT @rolandsmartin: Les Moonves, the CBS chief executive, believed the infamous Super Bowl wardrobe malfunction was deliberate, and was inte‚Ä¶",88
CBS,0.0,Fri Sep 07 20:21:37 +0000 2018,1.0,0.0,0.0,https://t.co/QkDctOsKE5,89
CBS,-0.5267,Fri Sep 07 20:21:34 +0000 2018,0.845,0.155,0.0,"Deviam exibir o vsfs esse ano atrav√©s de uma Live no Instagram, ao inv√©s da CBS, s√≥ tem insta model mesmo, √© bom que fica no habitat delas.",90
CBS,0.6239,Fri Sep 07 20:21:33 +0000 2018,0.825,0.0,0.175,There's some rain in west #ElPaso be sure to let us know what it looks like in your neck of the woods! Send us pict‚Ä¶ https://t.co/KtrJsBE2Gd,91
CBS,0.5106,Fri Sep 07 20:21:28 +0000 2018,0.752,0.0,0.248,@KingMinos777 @MelissaOrdway @YandR_CBS @CBSDaytime Abby to the rescue . she a genius #YR,92
CBS,0.2023,Fri Sep 07 20:21:25 +0000 2018,0.746,0.11,0.145,this sucks: im have too much fun doing pot smoking @elonmusk imitations and singing @cheechandchong songs to start‚Ä¶ https://t.co/4aZxBWVnmi,93
CBS,0.5994,Fri Sep 07 20:21:24 +0000 2018,0.813,0.0,0.187,"Les Moonves, the CBS chief executive, believed the infamous Super Bowl wardrobe malfunction was deliberate, and was‚Ä¶ https://t.co/ikm3TqGnac",94
CBS,0.0,Fri Sep 07 20:21:20 +0000 2018,1.0,0.0,0.0,@ZachHanley2 you wouldn‚Äôt know what games are being televised  this Sunday on both channels CBS and Fox? In hospita‚Ä¶ https://t.co/E8k6uapOaf,95
CBS,0.0,Fri Sep 07 20:21:06 +0000 2018,1.0,0.0,0.0,CBS Stock Climbs 3% Again As Les Moonves Watch Continues https://t.co/h476qMRnTt https://t.co/4ckC57cO2m,96
CBS,0.5994,Fri Sep 07 20:21:05 +0000 2018,0.813,0.0,0.187,RT @thefader: CBS chief executive was reportedly fixated on ‚Äúruining‚Äù Janet Jackson‚Äôs career after Super Bowl incident. https://t.co/soigFb‚Ä¶,97
CBS,0.5719,Fri Sep 07 20:21:04 +0000 2018,0.821,0.0,0.179,"RT @CBSWatch: Calling all Baby Girls. Here's your daily dose of happy üëâ https://t.co/tbhjtyMzCi 

#CBS #CBSWatch 

üì∏ by @Kwakualston https:‚Ä¶",98
CBS,0.0,Fri Sep 07 20:21:03 +0000 2018,1.0,0.0,0.0,RT @bess_shannon: @DanielGoddard @YRInsider @YandR_CBS @CNNFreedom @AFJustice @soapsindepthcbs @soapsindepthabc @ChristelAdnana @LaneArmy @‚Ä¶,99
CBS,0.0,Fri Sep 07 20:21:03 +0000 2018,1.0,0.0,0.0,RT @sbberthoumieux: @BandB_CBS Brooke... you need to back off. Why didn‚Äôt Ridge hear this??,100
CNN,0.7644,Fri Sep 07 20:27:14 +0000 2018,0.577,0.0,0.423,@RawStory Wow! cnn's been on the air like a REALLY long time.,1
CNN,0.0,Fri Sep 07 20:27:14 +0000 2018,1.0,0.0,0.0,"RT @CNNEE: Los cient√≠ficos dicen que la estructura de nubes hexagonales sobre Saturno podr√≠a tener cientos de kil√≥metros de altura.
https:/‚Ä¶",2
CNN,0.0,Fri Sep 07 20:27:14 +0000 2018,1.0,0.0,0.0,RT @JohnWDean: On my way to testify at the Kavanaugh confirmation hearings I have been doing 2 or 3 CNN shows each day to talk about the ch‚Ä¶,3
CNN,-0.7184,Fri Sep 07 20:27:13 +0000 2018,0.647,0.353,0.0,RT @SocialPowerOne1: Extreme anti-immigration GOP congressman in danger of losing his seat https://t.co/y5MExAJs0T,4
CNN,-0.3384,Fri Sep 07 20:27:13 +0000 2018,0.752,0.15,0.098,"RT @activist360: Dear @CNN, @MSNBC: Just as you covered the speeches of the most dishonest, depraved and corrupt president in American hist‚Ä¶",5
CNN,-0.0772,Fri Sep 07 20:27:13 +0000 2018,0.404,0.313,0.283,"@CNN Lol, what could go wrong?",6
CNN,0.0,Fri Sep 07 20:27:13 +0000 2018,1.0,0.0,0.0,@GOP @SenateGOP @ThomTillis @ChuckGrassley @SenMikeLee @KamalaHarris grills #BrettKavanaugh on‚Ä¶ https://t.co/IFtlXPccSi,7
CNN,0.0,Fri Sep 07 20:27:13 +0000 2018,0.755,0.122,0.122,"RT @CNN: Former President Obama, encouraging young people to vote: ‚ÄúWhat‚Äôs gonna fix our democracy is you‚Ä¶ The threat to our democracy does‚Ä¶",8
CNN,0.0,Fri Sep 07 20:27:13 +0000 2018,1.0,0.0,0.0,RT @CNN: A Facebook employee with ties to Cambridge Analytica leaves the company https://t.co/CbeDTVAAey https://t.co/WdYutfGcBv,9
CNN,0.4588,Fri Sep 07 20:27:13 +0000 2018,0.84,0.0,0.16,"RT @AC360: Former President Obama: ‚ÄúDon‚Äôt tell me your vote doesn‚Äôt matter‚Ä¶ and if you thought elections don‚Äôt matter, I hope these last tw‚Ä¶",10
CNN,0.0,Fri Sep 07 20:27:12 +0000 2018,1.0,0.0,0.0,"RT @CNN: ""What happened to the Republican Party?""

""It did not start with Donald Trump, he is a symptom, not the cause.""

Here are 10 of Ob‚Ä¶",11
CNN,0.0,Fri Sep 07 20:27:12 +0000 2018,1.0,0.0,0.0,"RT @Paddideh: The severity and degrees of corruption in Iran is extreme, combining that with lawlessness and the immunity of regime's corru‚Ä¶",12
CNN,-0.6705,Fri Sep 07 20:27:12 +0000 2018,0.744,0.256,0.0,RT @TomFitton: Fake tweet. @CNN allowed Lanny Davis to deny he was a source when CNN knew otherwise. https://t.co/CW2Z1Z4iWt,13
CNN,0.4588,Fri Sep 07 20:27:12 +0000 2018,0.84,0.0,0.16,"RT @CNN: Former President Obama: ‚ÄúDon‚Äôt tell me your vote doesn‚Äôt matter‚Ä¶ and if you thought elections don‚Äôt matter, I hope these last two‚Ä¶",14
CNN,0.0,Fri Sep 07 20:27:12 +0000 2018,1.0,0.0,0.0,RT @CNN: Donald Trump is floating impeachment to rev up his base. Here's why that's still a stretch. | Analysis by CNN's Z. Byron Wolf http‚Ä¶,15
CNN,0.1481,Fri Sep 07 20:27:12 +0000 2018,0.813,0.081,0.106,"RT @Timcast: CNN Reporter repeatedly posts and writes about Alex Jones not being banned.

Jones confronts CNN reporter

Twitter permabans J‚Ä¶",16
CNN,0.3612,Fri Sep 07 20:27:12 +0000 2018,0.902,0.0,0.098,"RT @kazweida: President Obama came to this speech ready to rumble.

This was the throwing of a gauntlet.
He didn't just mention Trump by na‚Ä¶",17
CNN,0.0,Fri Sep 07 20:27:12 +0000 2018,1.0,0.0,0.0,"RT @JoeConchaTV: On the cable news front, Fox News, MSNBC and CNN all covered former President Obama's speech on Friday. On Thursday night,‚Ä¶",18
CNN,0.0,Fri Sep 07 20:27:12 +0000 2018,0.746,0.127,0.127,"RT @LawyerRogelio: Former President Obama, encouraging young people to vote: ‚ÄúWhat‚Äôs gonna fix our democracy is you‚Ä¶ The threat to our demo‚Ä¶",19
CNN,0.0,Fri Sep 07 20:27:11 +0000 2018,1.0,0.0,0.0,"RT @Raymond_Norman: Elon Musk smokes marijuana on podcast

https://t.co/1aORBEw7XV",20
CNN,0.0,Fri Sep 07 20:27:10 +0000 2018,1.0,0.0,0.0,RT @jaketapper: Papadopoulos' attorney says Trump 'hindered investigation' @CNNPolitics https://t.co/dijA7vcRL2,21
CNN,0.4588,Fri Sep 07 20:27:10 +0000 2018,0.84,0.0,0.16,"RT @AC360: Former President Obama: ‚ÄúDon‚Äôt tell me your vote doesn‚Äôt matter‚Ä¶ and if you thought elections don‚Äôt matter, I hope these last tw‚Ä¶",22
CNN,-0.6103,Fri Sep 07 20:27:10 +0000 2018,0.734,0.266,0.0,@CNN Nothing fishy at... OW!  Hurt my head with that eye roll!,23
CNN,0.4019,Fri Sep 07 20:27:09 +0000 2018,0.863,0.0,0.137,RT @mtracey: Twitter and CNN's Oliver Darcy both announced the Alex Jones news at precisely 4:47pm. Interesting https://t.co/upztVK7QBL,24
CNN,-0.802,Fri Sep 07 20:27:09 +0000 2018,0.735,0.265,0.0,RT @MarkDice: Alex Jones has just been permanently banned from Twitter.   For what?  Telling CNN's Oliver Darcy he's a scumbag to his face‚Ä¶,25
CNN,-0.5994,Fri Sep 07 20:27:09 +0000 2018,0.698,0.302,0.0,"After Anthony Bourdain's death, 'Parts Unknown' enters uncharted territory https://t.co/foMuQRtBUE",26
CNN,0.4588,Fri Sep 07 20:27:09 +0000 2018,0.84,0.0,0.16,"RT @AC360: Former President Obama: ‚ÄúDon‚Äôt tell me your vote doesn‚Äôt matter‚Ä¶ and if you thought elections don‚Äôt matter, I hope these last tw‚Ä¶",27
CNN,-0.4939,Fri Sep 07 20:27:08 +0000 2018,0.862,0.138,0.0,"RT @CNN: Former President Obama, referring to ‚Äúpeople who are genuinely... fearful of change‚Äù during speech at University of Illinois: ‚ÄúIt‚Ä¶",28
CNN,0.0,Fri Sep 07 20:27:08 +0000 2018,1.0,0.0,0.0,RT @Koltonhix: Scott‚Äôs tots 2.0 https://t.co/rWP4W6A37o,29
CNN,0.4466,Fri Sep 07 20:27:08 +0000 2018,0.887,0.0,0.113,RT @CNN: Former President Obama: ‚ÄúThe claim that everything will turn out OK because there are people inside the White House who secretly a‚Ä¶,30
CNN,0.0,Fri Sep 07 20:27:07 +0000 2018,1.0,0.0,0.0,@CNN https://t.co/0htBoKot7M,31
CNN,-0.7096,Fri Sep 07 20:27:06 +0000 2018,0.781,0.219,0.0,"RT @LeeSmithDC: ‚ÄòHow hard can that be, saying Nazis are bad,‚Äô asks US president who blinked when a genocidal despot killed half a million i‚Ä¶",32
CNN,-0.2263,Fri Sep 07 20:27:06 +0000 2018,0.757,0.139,0.104,"RT @SteveSGoddard: Dear America,

All that stuff about Russia collusion and everything else bad we said about President Trump was #FakeNews‚Ä¶",33
CNN,0.0,Fri Sep 07 20:27:05 +0000 2018,1.0,0.0,0.0,Corker on NYT op-ed: Who wouldn't write it? @CNNPolitics https://t.co/cyMp3dMnz2,34
CNN,-0.5106,Fri Sep 07 20:27:05 +0000 2018,0.87,0.13,0.0,"RT @Paddideh: Examples of extreme poverty and economic mismanagement by Mullahs' regime in the past 39 years, these schools in south east o‚Ä¶",35
CNN,0.0,Fri Sep 07 20:27:04 +0000 2018,1.0,0.0,0.0,RT @M_Simonyan: –≠–∫—Å-–æ–±–æ–∑—Ä–µ–≤–∞—Ç–µ–ª—å–Ω–∏—Ü–∞ CNN –∏ —ç–∫—Å-–æ–±–æ–∑—Ä–µ–≤–∞—Ç–µ–ª—å–Ω–∏—Ü–∞ FOX News –°–∫–æ—Ç—Ç–∏ –ù–µ–ª–ª –•—å—é–∑ –ø—Ä–∏—à–ª–∞ –∫ –Ω–∞–º –Ω–∞ RT America —Ä–∞–±–æ—Ç–∞—Ç—å. –£ –∞–º–µ—Ä–∏–∫–∞–Ω—Å–∫‚Ä¶,36
CNN,0.0,Fri Sep 07 20:27:04 +0000 2018,1.0,0.0,0.0,"RT @CNNEE: Cadena de sismos en el Pac√≠fico de Am√©rica en pocos minutos
‚Ä¢ Panam√° https://t.co/2JcA4vhCa0
‚Ä¢ Ecuador https://t.co/EraRWOOBkB
‚Ä¢‚Ä¶",37
CNN,0.0,Fri Sep 07 20:27:04 +0000 2018,1.0,0.0,0.0,"RT @CNN: Missouri's College of the Ozarks is dropping Nike over the Colin Kaepernick ad, saying it's choosing ""country over company"" https:‚Ä¶",38
CNN,-0.7855,Fri Sep 07 20:27:04 +0000 2018,0.614,0.386,0.0,"MORE, SERIOUS TRUMP PRESSURE TO GET NAME OF INSIDER, WHITE HOUSE SABOTEURS. https://t.co/ybiYHomPOc",39
CNN,0.0,Fri Sep 07 20:27:03 +0000 2018,1.0,0.0,0.0,"RT @CNNEE: √öLTIMA HORA 
La econom√≠a de EE.UU. sum√≥ 201.000 empleos en agosto https://t.co/yM3x45xceq https://t.co/RsrQJabd2i",40
CNN,0.6331,Fri Sep 07 20:27:03 +0000 2018,0.828,0.0,0.172,RT @Ikelaru: Notice our Native American brothers &amp; sisters aren't there because they are way smarter than this fork tounged jackass!!!!#Nat‚Ä¶,41
CNN,0.909,Fri Sep 07 20:27:03 +0000 2018,0.639,0.0,0.361,"RT @Genesis33K: I see Liberals who think they won!

They walk the earth like they won. They don't know they lost!

I see most of them on @C‚Ä¶",42
CNN,-0.2023,Fri Sep 07 20:27:02 +0000 2018,0.844,0.095,0.061,"RT @MarkDice: So, people posting videos of themselves harassing White House employees in their private lives are okay, but Alex Jones gets‚Ä¶",43
CNN,0.6344,Fri Sep 07 20:27:02 +0000 2018,0.777,0.0,0.223,RT @KrisParonto: The more you&amp;your fellow liberalists makes asses of yourselves @SenKamalaHarris the more you strengthen the resolve of Pat‚Ä¶,44
CNN,0.4588,Fri Sep 07 20:27:02 +0000 2018,0.84,0.0,0.16,"RT @AC360: Former President Obama: ‚ÄúDon‚Äôt tell me your vote doesn‚Äôt matter‚Ä¶ and if you thought elections don‚Äôt matter, I hope these last tw‚Ä¶",45
CNN,0.0,Fri Sep 07 20:27:02 +0000 2018,1.0,0.0,0.0,"RT @bulentmumay: Muhalefet liderlerinin se√ßim mitinglerini canlƒ± vermeyen CNN T√ºrk, ƒ∞dlib‚Äôte a≈üiret liderlerini toplantƒ±sƒ±nƒ± canlƒ± yayƒ±nlƒ±y‚Ä¶",46
CNN,0.7184,Fri Sep 07 20:27:02 +0000 2018,0.76,0.0,0.24,"RT @joncoopertweets: Ford, a sponsor of the National Football League, has voiced support for NFL players exercising their right to free spe‚Ä¶",47
CNN,-0.6705,Fri Sep 07 20:27:01 +0000 2018,0.756,0.244,0.0,RT @StephenGutowski: @brianstelter Here's President Obama complaining about Fox only reporting negative stories about the Obama admin and n‚Ä¶,48
CNN,0.0,Fri Sep 07 20:27:01 +0000 2018,1.0,0.0,0.0,"RT @amber_athey: CNN, MSNBC, and Fox News all covered the entirety of Obama's speech -- over an hour long -- in Illinois. 

Trump started s‚Ä¶",49
CNN,0.0,Fri Sep 07 20:27:00 +0000 2018,1.0,0.0,0.0,"@CNN Kanye West,  Kim Kardashian, John Legend, and Chrissy Teigen can all go have a multitude of seats. All of them‚Ä¶ https://t.co/kNS4wsmyLQ",50
CNN,-0.4939,Fri Sep 07 20:27:00 +0000 2018,0.745,0.184,0.071,"RT @Timcast: CNN said that media pressure got Alex Jones banned in the first place.

They were then given advanced notice of Jones' impendi‚Ä¶",51
CNN,0.4588,Fri Sep 07 20:27:00 +0000 2018,0.812,0.0,0.188,"Now Dedicated. The #server #service from #Google 
https://t.co/4SJKt3QVzo
 #ad #wsj #nytimes #reuters #bloomberg‚Ä¶ https://t.co/QKR6GdPwUg",52
CNN,0.4588,Fri Sep 07 20:27:00 +0000 2018,0.84,0.0,0.16,"RT @AC360: Former President Obama: ‚ÄúDon‚Äôt tell me your vote doesn‚Äôt matter‚Ä¶ and if you thought elections don‚Äôt matter, I hope these last tw‚Ä¶",53
CNN,-0.4767,Fri Sep 07 20:27:00 +0000 2018,0.876,0.124,0.0,RT @CNN: An American Airlines flight was diverted due to poor weather conditions so the pilot ordered 40 pizzas and hand-delivered them to‚Ä¶,54
CNN,0.8316,Fri Sep 07 20:26:59 +0000 2018,0.492,0.087,0.42,@MichaelCowtan Good. We should nationalize the rest. God forbid we might be rich like Norway one day. https://t.co/hcwfmK58yE,55
CNN,0.6808,Fri Sep 07 20:26:59 +0000 2018,0.676,0.059,0.266,"RT @CNN: Yes, Kanye West is serious about running for president, his friend John Legend says https://t.co/uT8P9qjuJK https://t.co/bble83Ztt9",56
CNN,0.6124,Fri Sep 07 20:26:59 +0000 2018,0.706,0.0,0.294,@copperjackets Um ok lol i didnt answer the question i asked why you named dropped CNN,57
CNN,-0.128,Fri Sep 07 20:26:58 +0000 2018,0.87,0.13,0.0,CNN Just Silenced One Person To Rig The Midterm Election https://t.co/KZUszKPJRJ,58
CNN,0.4466,Fri Sep 07 20:26:58 +0000 2018,0.887,0.0,0.113,RT @CNN: Former President Obama: ‚ÄúThe claim that everything will turn out OK because there are people inside the White House who secretly a‚Ä¶,59
CNN,-0.7096,Fri Sep 07 20:26:58 +0000 2018,0.781,0.219,0.0,"RT @LeeSmithDC: ‚ÄòHow hard can that be, saying Nazis are bad,‚Äô asks US president who blinked when a genocidal despot killed half a million i‚Ä¶",60
CNN,0.7523,Fri Sep 07 20:26:58 +0000 2018,0.608,0.081,0.311,"RT @KathrynKickligh: It‚Äôs a good question. I used to, happily, vote a split ticket ‚Äî for the person, not the party. No more!
‚Äî‚Äî‚Äî‚Äî‚Äî‚Äî‚Äî‚Äî‚Äî-
Bar‚Ä¶",61
CNN,0.4767,Fri Sep 07 20:26:58 +0000 2018,0.805,0.0,0.195,"RT @AMPRo1219: Obama: Don‚Äôt tell me your vote doesn‚Äôt matter &amp; if you thought elections don‚Äôt matter, I hope these last two years have corr‚Ä¶",62
CNN,-0.7096,Fri Sep 07 20:26:57 +0000 2018,0.781,0.219,0.0,"RT @LeeSmithDC: ‚ÄòHow hard can that be, saying Nazis are bad,‚Äô asks US president who blinked when a genocidal despot killed half a million i‚Ä¶",63
CNN,0.4588,Fri Sep 07 20:26:57 +0000 2018,0.84,0.0,0.16,"RT @AC360: Former President Obama: ‚ÄúDon‚Äôt tell me your vote doesn‚Äôt matter‚Ä¶ and if you thought elections don‚Äôt matter, I hope these last tw‚Ä¶",64
CNN,-0.7579,Fri Sep 07 20:26:57 +0000 2018,0.66,0.272,0.068,"RT @spacetwinks: alex jones being free to harass the parents of sandy hook victims for years but ""was shitty to a CNN reporter in jack's vi‚Ä¶",65
CNN,0.0,Fri Sep 07 20:26:57 +0000 2018,1.0,0.0,0.0,"RT @adamcbest: Question: Am I actually getting old, or is the nonstop barrage of pharmaceutical commercials on CNN, Fox and MSNBC just maki‚Ä¶",66
CNN,0.6808,Fri Sep 07 20:26:57 +0000 2018,0.676,0.059,0.266,"RT @CNN: Yes, Kanye West is serious about running for president, his friend John Legend says https://t.co/uT8P9qjuJK https://t.co/bble83Ztt9",67
CNN,0.4588,Fri Sep 07 20:26:57 +0000 2018,0.84,0.0,0.16,"RT @AC360: Former President Obama: ‚ÄúDon‚Äôt tell me your vote doesn‚Äôt matter‚Ä¶ and if you thought elections don‚Äôt matter, I hope these last tw‚Ä¶",68
CNN,-0.3182,Fri Sep 07 20:26:56 +0000 2018,0.767,0.139,0.094,"RT @CNN: ""I was only devastated for an hour or two."" Former ""Cosby Show"" actor Geoffrey Owens says the outpouring of support he's received‚Ä¶",69
CNN,0.0,Fri Sep 07 20:26:56 +0000 2018,1.0,0.0,0.0,"RT @Paddideh: The severity and degrees of #corruption in Iran is extreme, combining that with lawlessness and the immunity of regime's corr‚Ä¶",70
CNN,0.0516,Fri Sep 07 20:26:56 +0000 2018,0.797,0.098,0.105,"RT @myserenity69: #Trump talks of impeachment &amp; tells supporters it's ""your fault"" if he doesn't get re-elected 

So it has nothing to do w‚Ä¶",71
CNN,0.0,Fri Sep 07 20:26:55 +0000 2018,1.0,0.0,0.0,RT @SenKamalaHarris: Now the American people know what we know. We have every reason to believe Kavanaugh will overturn Roe v. Wade. https:‚Ä¶,72
CNN,0.4753,Fri Sep 07 20:26:55 +0000 2018,0.795,0.0,0.205,"The 59 most out-of-this-world lines in Donald Trump's Montana speech
https://t.co/EoSzz4vLgi

‚Å¶@LindseyGrahamSC‚Å© sharing!",73
CNN,-0.3818,Fri Sep 07 20:26:55 +0000 2018,0.583,0.283,0.133,"@Linda91255450 @Inana139 @CNN It's pretty hard to sleep when a giant toddler is screaming, and shitting himself. Po‚Ä¶ https://t.co/Q1L4XJRHSX",74
CNN,0.0,Fri Sep 07 20:26:54 +0000 2018,1.0,0.0,0.0,"@CNN Yeezee does it, 2020.",75
CNN,0.0,Fri Sep 07 20:26:54 +0000 2018,1.0,0.0,0.0,RT @jaketapper: Papadopoulos' attorney says Trump 'hindered investigation' @CNNPolitics https://t.co/dijA7vcRL2,76
CNN,0.6808,Fri Sep 07 20:26:53 +0000 2018,0.676,0.059,0.266,"RT @CNN: Yes, Kanye West is serious about running for president, his friend John Legend says https://t.co/uT8P9qjuJK https://t.co/bble83Ztt9",77
CNN,0.0,Fri Sep 07 20:26:53 +0000 2018,1.0,0.0,0.0,"RT @BuckSexton: Remember, CNN is an ‚Äúobjective news source‚Äù and the anchors over there who have ‚Äúno agenda or bias‚Äù aren‚Äôt delusional https‚Ä¶",78
CNN,-0.4019,Fri Sep 07 20:26:53 +0000 2018,0.769,0.231,0.0,RT @WillStack3: Michael Scott ain‚Äôt fooling anybody this time https://t.co/nKZ2i4L1c0,79
CNN,-0.561,Fri Sep 07 20:26:53 +0000 2018,0.663,0.239,0.098,"RT @LauraLoomer: Like I said yesterday when I confronted Jack Dorsey during the Congressional hearing, ‚ÄúYOU ARE A LIAR @JACK! YOU ARE LYING‚Ä¶",80
CNN,0.4466,Fri Sep 07 20:26:53 +0000 2018,0.887,0.0,0.113,RT @CNN: Former President Obama: ‚ÄúThe claim that everything will turn out OK because there are people inside the White House who secretly a‚Ä¶,81
CNN,-0.4995,Fri Sep 07 20:26:53 +0000 2018,0.84,0.16,0.0,"RT @Emolclause: #BREAKING:BRILLIANT op-ed piece by.@alfranken show why for the sake of #JudicialIndependence, Dems must KEEP FIGHTING #Kava‚Ä¶",82
CNN,-0.5994,Fri Sep 07 20:26:52 +0000 2018,0.781,0.219,0.0,RT @barbarastarrcnn: BREAKING  Russia warns US of its pending attack in Syrian area of At Tanf where US troops are present. US warns Moscow‚Ä¶,83
CNN,-0.8074,Fri Sep 07 20:26:52 +0000 2018,0.696,0.304,0.0,"RT @LeeCamp: NBC interrupted their coverage of dolphins having sex to bring you John McCain's death. 
CNN interrupted coverage of a major p‚Ä¶",84
CNN,-0.5949,Fri Sep 07 20:26:51 +0000 2018,0.819,0.181,0.0,"RT @LauraLoomer: CNN is jealous of Alex Jones because he gets more viewers than them. 

That‚Äôs why they worked so hard alongside Twitter to‚Ä¶",85
CNN,0.0,Fri Sep 07 20:26:51 +0000 2018,1.0,0.0,0.0,@CNN Both of them are kooky.,86
CNN,0.3818,Fri Sep 07 20:26:51 +0000 2018,0.752,0.094,0.154,"Great job by Missouri College of the Ozarks we must stand for our country üá∫üá∏üá∫üá∏üá∫üá∏‚úùÔ∏è‚úùÔ∏è‚úùÔ∏è down with CNN, ESPN sucks an‚Ä¶ https://t.co/ARXlvsMLqj",87
CNN,0.4588,Fri Sep 07 20:26:51 +0000 2018,0.84,0.0,0.16,"RT @AC360: Former President Obama: ‚ÄúDon‚Äôt tell me your vote doesn‚Äôt matter‚Ä¶ and if you thought elections don‚Äôt matter, I hope these last tw‚Ä¶",88
CNN,0.4404,Fri Sep 07 20:26:51 +0000 2018,0.451,0.165,0.383,"@CNN No West Wing jokes?

Proud of you, twitter.",89
CNN,0.0,Fri Sep 07 20:26:51 +0000 2018,1.0,0.0,0.0,RT @SenatorDurbin: The Trump Administration‚Äôs anti-immigrant agenda moves from separating families to indefinitely detaining them. The Amer‚Ä¶,90
CNN,0.0,Fri Sep 07 20:26:51 +0000 2018,1.0,0.0,0.0,@CNN https://t.co/9YSXlr4VEy,91
CNN,-0.2732,Fri Sep 07 20:26:50 +0000 2018,0.864,0.091,0.045,"Barack Obama is just what Democrats need - CNN

No matter how much Democrats lean over to be civil or to achieve po‚Ä¶ https://t.co/mf1XkWtwqk",92
CNN,-0.4939,Fri Sep 07 20:26:50 +0000 2018,0.745,0.184,0.071,"RT @Timcast: CNN said that media pressure got Alex Jones banned in the first place.

They were then given advanced notice of Jones' impendi‚Ä¶",93
CNN,0.4588,Fri Sep 07 20:26:50 +0000 2018,0.84,0.0,0.16,"RT @AC360: Former President Obama: ‚ÄúDon‚Äôt tell me your vote doesn‚Äôt matter‚Ä¶ and if you thought elections don‚Äôt matter, I hope these last tw‚Ä¶",94
CNN,0.5719,Fri Sep 07 20:26:50 +0000 2018,0.703,0.076,0.222,RT @RandyRainbow: Guys put on CNN right now and pretend it‚Äôs 2012. It‚Äôs awesome. https://t.co/M3fNd76n44,95
CNN,0.0,Fri Sep 07 20:26:50 +0000 2018,1.0,0.0,0.0,RT @CredicoRandy: Will be on @CNN 7pm est,96
CNN,-0.3252,Fri Sep 07 20:26:50 +0000 2018,0.865,0.135,0.0,"RT @dyllyp: For the folks that are in self-denial and saying it‚Äôs not true, bloop: https://t.co/DD2QI27hq3",97
CNN,0.4588,Fri Sep 07 20:26:49 +0000 2018,0.84,0.0,0.16,"RT @AC360: Former President Obama: ‚ÄúDon‚Äôt tell me your vote doesn‚Äôt matter‚Ä¶ and if you thought elections don‚Äôt matter, I hope these last tw‚Ä¶",98
CNN,0.4588,Fri Sep 07 20:26:49 +0000 2018,0.84,0.0,0.16,"RT @CNN: Former President Obama: ‚ÄúDon‚Äôt tell me your vote doesn‚Äôt matter‚Ä¶ and if you thought elections don‚Äôt matter, I hope these last two‚Ä¶",99
CNN,0.0,Fri Sep 07 20:26:49 +0000 2018,1.0,0.0,0.0,"RT @donnedia: #FridayFeeling #FridayMotivation Ideals,Policy,
Honesty,Decency &amp;Truthfulness Is How our Govt. should work Ask Pres. #BarackO‚Ä¶",100
Fox,0.3612,Fri Sep 07 20:27:14 +0000 2018,0.902,0.0,0.098,"RT @GregRubini: 30. Let's go back to Jim Jordan.

Jim Jordan ""CALM""...
like a cat licking its lips ?

we have this interview of Jim Jordan‚Ä¶",1
Fox,-0.6705,Fri Sep 07 20:27:14 +0000 2018,0.69,0.31,0.0,Geodude-Val-Hum-Fem-Neu killed by a fox on level 1 (HP: -2 [16]) Points: 4512,2
Fox,0.0,Fri Sep 07 20:27:14 +0000 2018,1.0,0.0,0.0,@teamustlie @NoskiScherloka ü§£ü§£ü§£ü§£ü§£—è –∫–∞–∫ —Ç–æ –∏ –Ω–µ –∑–∞–¥—É–º—ã–≤–∞–ª–∞—Å—å,3
Fox,0.3335,Fri Sep 07 20:27:14 +0000 2018,0.798,0.074,0.128,"RT @Pink_About_it: ""I complained plenty about Fox News, but I never threatened to shut them down,""

 -Obama

Hey, James Rosen called.  He s‚Ä¶",4
Fox,-0.4767,Fri Sep 07 20:27:13 +0000 2018,0.697,0.236,0.068,"RT @brianstelter: Obama telling the truth about his media criticism versus Trump's criticism: ""I complained plenty about Fox News, but you‚Ä¶",5
Fox,0.7367,Fri Sep 07 20:27:13 +0000 2018,0.692,0.064,0.244,"RT @CalebJHull: ‚ÄúI complained plenty about Fox News, but I never threatened to shut them down.‚Äù

It‚Äôs probably a good time to remind you th‚Ä¶",6
Fox,0.3335,Fri Sep 07 20:27:12 +0000 2018,0.789,0.077,0.134,"RT @CRTV: ""I complained plenty about Fox News, but I never threatened to shut them down,‚Äù says @BarackObama, whose administration spied on‚Ä¶",7
Fox,0.0,Fri Sep 07 20:27:12 +0000 2018,1.0,0.0,0.0,"RT @JoeConchaTV: On the cable news front, Fox News, MSNBC and CNN all covered former President Obama's speech on Friday. On Thursday night,‚Ä¶",8
Fox,0.0,Fri Sep 07 20:27:11 +0000 2018,1.0,0.0,0.0,RT @kelly_ramona: President Trump will Speak on Fox soon ! üá∫üá∏‚ù§Ô∏èüá∫üá∏‚ù§Ô∏èüá∫üá∏‚ù§Ô∏èüá∫üá∏üá∫üá∏üá∫üá∏,9
Fox,0.0,Fri Sep 07 20:27:10 +0000 2018,1.0,0.0,0.0,"Disney bought Fox.
Fox owns Bakshi's Wizards.

Therefore Elinor is now a Disney Princess: https://t.co/AyZZUBlATB",10
Fox,0.2325,Fri Sep 07 20:27:09 +0000 2018,0.833,0.067,0.1,"RT @NBCNews: Former President Obama: ‚ÄúI complained plenty about Fox News, but you never heard me threaten to shut them down, or call them ‚Äò‚Ä¶",11
Fox,0.0,Fri Sep 07 20:27:09 +0000 2018,1.0,0.0,0.0,@OptimistiCaniac Apparently the fox sports go version is not geolocked,12
Fox,-0.1724,Fri Sep 07 20:27:08 +0000 2018,0.865,0.082,0.053,RT @StephenGutowski: @brianstelter You can't be serious. The Obama admin tried to exclude Fox News from interviews and named James Rosen as‚Ä¶,13
Fox,-0.4767,Fri Sep 07 20:27:08 +0000 2018,0.697,0.236,0.068,"RT @brianstelter: Obama telling the truth about his media criticism versus Trump's criticism: ""I complained plenty about Fox News, but you‚Ä¶",14
Fox,0.0,Fri Sep 07 20:27:08 +0000 2018,1.0,0.0,0.0,„Åç„Å£„Å®„ÄÅ„ÇÇ„ÅÜÂΩ¢„Å´„Å™„Çâ„Å™„ÅÑ„Çì„Å†„Çç„ÅÜ„Å™„ÅÅ„ÄÇ„Å†„Å£„Å¶„Éú„ÇØ„ÅØ„ÄÅ„Äå„Åù„Çå„Äç„ÇíË®Ä„ÅÑÈÅé„Åé„Åü„Åã„Çâ„ÄÅ„ÇÇ„ÅÜÊÑèÂë≥„Å™„Çì„Å¶ÁÑ°„ÅÑ„Çì„Å†„Çç„ÅÜ„Å£„Å¶„Å≠,15
Fox,0.7888,Fri Sep 07 20:27:08 +0000 2018,0.674,0.062,0.264,"RT @KatiePavlich: ""I complained plenty about Fox News, but I never threatened to shut them down,"" -Obama, but he did have his Justice Depar‚Ä¶",16
Fox,-0.6908,Fri Sep 07 20:27:07 +0000 2018,0.695,0.305,0.0,"RT @HuntSabs: Two members of the Buccleuch Hunt are facing charges of illegal hunting 
https://t.co/g2gF19qow1",17
Fox,-0.5742,Fri Sep 07 20:27:07 +0000 2018,0.74,0.19,0.07,"RT @funder: ""I complained plenty about Fox News. But you never heard me threaten to shut them down. Or call them enemies of the people."" Pr‚Ä¶",18
Fox,-0.1321,Fri Sep 07 20:27:07 +0000 2018,0.818,0.1,0.081,"RT @kylegriffin1: Barack Obama: ""I complained plenty about Fox News. But you never heard me threaten to shut them down. Or call them enemie‚Ä¶",19
Fox,0.7888,Fri Sep 07 20:27:07 +0000 2018,0.674,0.062,0.264,"RT @KatiePavlich: ""I complained plenty about Fox News, but I never threatened to shut them down,"" -Obama, but he did have his Justice Depar‚Ä¶",20
Fox,-0.3818,Fri Sep 07 20:27:07 +0000 2018,0.88,0.12,0.0,"RT @bennyjohnson: Obama criminally prosecuted Fox News journalists.
Obama had his DOJ surveil Fox News reporters, track their whereabouts a‚Ä¶",21
Fox,0.0,Fri Sep 07 20:27:06 +0000 2018,1.0,0.0,0.0,"RT @cacoaguilar: Pero quien es Luis Almagro

Es el actual Serio. Gnral. de la OEA

Es un ultraderechista y enemigo recalcitrante de los gob‚Ä¶",22
Fox,0.0,Fri Sep 07 20:27:06 +0000 2018,1.0,0.0,0.0,"RT @dallascowboys: This is OUR moment.
#DallasCowboys

#DALvsCAR ¬ª 3:25 PM CT ¬ª FOX https://t.co/WrWhMFCvUu",23
Fox,0.4767,Fri Sep 07 20:27:05 +0000 2018,0.563,0.0,0.437,"@SarahKSilverman Do, 'Fox and Friends.",24
Fox,0.0,Fri Sep 07 20:27:05 +0000 2018,1.0,0.0,0.0,@Fox_Arc „Åä„Åç„Å¶„Çä„ÇÉ„ÅÇ„ÅÅ„ÅÅ„ÅÅ„ÅÅüíïüíïüíïüíïüíïüíïüíïüíïüíïüíïüíïüíï,25
Fox,-0.1321,Fri Sep 07 20:27:05 +0000 2018,0.818,0.1,0.081,"RT @MaggieJordanACN: Barack Obama: ""I complained plenty about Fox News. But you never heard me threaten to shut them down. Or call them ene‚Ä¶",26
Fox,-0.4374,Fri Sep 07 20:27:05 +0000 2018,0.711,0.189,0.1,RT @PattiSM74: @brianstelter You're disgusting! You know darned well @BarackObama criminally targeted Fox News reporters individually! Stop‚Ä¶,27
Fox,-0.4767,Fri Sep 07 20:27:04 +0000 2018,0.697,0.236,0.068,"RT @brianstelter: Obama telling the truth about his media criticism versus Trump's criticism: ""I complained plenty about Fox News, but you‚Ä¶",28
Fox,0.3335,Fri Sep 07 20:27:04 +0000 2018,0.798,0.074,0.128,"RT @Pink_About_it: ""I complained plenty about Fox News, but I never threatened to shut them down,""

 -Obama

Hey, James Rosen called.  He s‚Ä¶",29
Fox,0.0,Fri Sep 07 20:27:04 +0000 2018,1.0,0.0,0.0,RT @M_Simonyan: –≠–∫—Å-–æ–±–æ–∑—Ä–µ–≤–∞—Ç–µ–ª—å–Ω–∏—Ü–∞ CNN –∏ —ç–∫—Å-–æ–±–æ–∑—Ä–µ–≤–∞—Ç–µ–ª—å–Ω–∏—Ü–∞ FOX News –°–∫–æ—Ç—Ç–∏ –ù–µ–ª–ª –•—å—é–∑ –ø—Ä–∏—à–ª–∞ –∫ –Ω–∞–º –Ω–∞ RT America —Ä–∞–±–æ—Ç–∞—Ç—å. –£ –∞–º–µ—Ä–∏–∫–∞–Ω—Å–∫‚Ä¶,30
Fox,0.0,Fri Sep 07 20:27:04 +0000 2018,0.705,0.131,0.164,"@terracid C'est comme le BOY dans la vo de God of war quoi. Mais clairement, vu que c'est Marvel m√™me derri√®re le j‚Ä¶ https://t.co/NS159gLsUY",31
Fox,0.0,Fri Sep 07 20:27:03 +0000 2018,1.0,0.0,0.0,"RT @PalmerReport: @realDonaldTrump GIVE IT UP MAN, YOU DON'T EVEN KNOW WHAT PLANET YOU'RE ON

Donald Trump gives berserk new interview to F‚Ä¶",32
Fox,-0.3716,Fri Sep 07 20:27:02 +0000 2018,0.812,0.188,0.0,"RT @Stop_Trump20: We‚Äôre in a constitutional crisis, but meanwhile on Fox News... https://t.co/nfDtz0mRTj",33
Fox,-0.1321,Fri Sep 07 20:27:01 +0000 2018,0.811,0.104,0.084,"RT @politvidchannel: President Obama RIPS Trump

‚ÄúI complained plenty about Fox News,But you never heard me threaten to shut them down or c‚Ä¶",34
Fox,-0.6957,Fri Sep 07 20:27:01 +0000 2018,0.64,0.269,0.09,"RT @HLAurora63: Why are you giving this SOB a platform Fox News?! Absolutely disgusting and anti-American.

Everything out of that bastard'‚Ä¶",35
Fox,0.0,Fri Sep 07 20:27:01 +0000 2018,1.0,0.0,0.0,"RT @amber_athey: Obama didn't just ""complain"" about Fox News -- he spied on their reporters.",36
Fox,-0.6705,Fri Sep 07 20:27:01 +0000 2018,0.756,0.244,0.0,RT @StephenGutowski: @brianstelter Here's President Obama complaining about Fox only reporting negative stories about the Obama admin and n‚Ä¶,37
Fox,0.0,Fri Sep 07 20:27:01 +0000 2018,1.0,0.0,0.0,"RT @amber_athey: CNN, MSNBC, and Fox News all covered the entirety of Obama's speech -- over an hour long -- in Illinois. 

Trump started s‚Ä¶",38
Fox,-0.1321,Fri Sep 07 20:27:00 +0000 2018,0.818,0.1,0.081,"RT @kylegriffin1: Barack Obama: ""I complained plenty about Fox News. But you never heard me threaten to shut them down. Or call them enemie‚Ä¶",39
Fox,-0.8126,Fri Sep 07 20:27:00 +0000 2018,0.73,0.27,0.0,"RT @HLAurora63: I can't begin express the absolute disgust I have for thisüëáhuman piece of garbage.

Zero class bastard can't do the right t‚Ä¶",40
Fox,-0.0762,Fri Sep 07 20:27:00 +0000 2018,0.909,0.091,0.0,"Just when you think we haven't reached peak crazytown, Lou Dobbs calls GWB a Liberal...https://t.co/xXdPwuQKIt",41
Fox,-0.4215,Fri Sep 07 20:26:59 +0000 2018,0.891,0.109,0.0,"RT @RBReich: Trump is ramping up his lies through his main amplifiers: Fox News, his rallies, and his Twitter account. Here are 3 ways you‚Ä¶",42
Fox,0.0,Fri Sep 07 20:26:59 +0000 2018,1.0,0.0,0.0,RT @Jillibean557: Nike Is 'Exploiting' a Divisive Issue: MO College Says It's Dropping Nike After Kaepernick Ad https://t.co/Jp2IBm1BmG,43
Fox,0.5972,Fri Sep 07 20:26:59 +0000 2018,0.814,0.0,0.186,"@IngrahamAngle One is to suggest the AG investigate free press to start! Of course, does not include Fox!",44
Fox,0.0,Fri Sep 07 20:26:59 +0000 2018,1.0,0.0,0.0,"RT @elsiquisiri: Finalmente, a Fox y a EPN tambi√©n los ovacionaron sus copartidarios en su momento. Y lo de los plebiscitos, me parece les‚Ä¶",45
Fox,0.0,Fri Sep 07 20:26:58 +0000 2018,1.0,0.0,0.0,Ylvis The Fox https://t.co/sL5IMoDXHC,46
Fox,-0.1724,Fri Sep 07 20:26:58 +0000 2018,0.865,0.082,0.053,RT @StephenGutowski: @brianstelter You can't be serious. The Obama admin tried to exclude Fox News from interviews and named James Rosen as‚Ä¶,47
Fox,0.0,Fri Sep 07 20:26:58 +0000 2018,1.0,0.0,0.0,RT @gavinesler: So let me get this right. The Brexit Secretary hasn‚Äôt done his Brexit homework. The NI Secretary doesn‚Äôt know about Unionis‚Ä¶,48
Fox,-0.1724,Fri Sep 07 20:26:58 +0000 2018,0.865,0.082,0.053,RT @StephenGutowski: @brianstelter You can't be serious. The Obama admin tried to exclude Fox News from interviews and named James Rosen as‚Ä¶,49
Fox,-0.8126,Fri Sep 07 20:26:57 +0000 2018,0.73,0.27,0.0,"RT @HLAurora63: I can't begin express the absolute disgust I have for thisüëáhuman piece of garbage.

Zero class bastard can't do the right t‚Ä¶",50
Fox,0.3335,Fri Sep 07 20:26:57 +0000 2018,0.798,0.074,0.128,"RT @Pink_About_it: ""I complained plenty about Fox News, but I never threatened to shut them down,""

 -Obama

Hey, James Rosen called.  He s‚Ä¶",51
Fox,0.7888,Fri Sep 07 20:26:57 +0000 2018,0.674,0.062,0.264,"RT @KatiePavlich: ""I complained plenty about Fox News, but I never threatened to shut them down,"" -Obama, but he did have his Justice Depar‚Ä¶",52
Fox,0.0,Fri Sep 07 20:26:57 +0000 2018,1.0,0.0,0.0,"RT @adamcbest: Question: Am I actually getting old, or is the nonstop barrage of pharmaceutical commercials on CNN, Fox and MSNBC just maki‚Ä¶",53
Fox,-0.4215,Fri Sep 07 20:26:56 +0000 2018,0.891,0.109,0.0,"RT @RBReich: Trump is ramping up his lies through his main amplifiers: Fox News, his rallies, and his Twitter account. Here are 3 ways you‚Ä¶",54
Fox,-0.0772,Fri Sep 07 20:26:56 +0000 2018,0.933,0.067,0.0,"@RoyBlunt Senator in response to your contribution on FOX today, I'm sorry as a citizen, I didnt hear anything that‚Ä¶ https://t.co/3oQlN9n6FT",55
Fox,-0.1724,Fri Sep 07 20:26:55 +0000 2018,0.865,0.082,0.053,RT @StephenGutowski: @brianstelter You can't be serious. The Obama admin tried to exclude Fox News from interviews and named James Rosen as‚Ä¶,56
Fox,0.0,Fri Sep 07 20:26:55 +0000 2018,1.0,0.0,0.0,RT @danpfeiffer: Oh the nostalgia of seeing a President speak who knows things beyond what was on Fox and has read a book this century.,57
Fox,0.0,Fri Sep 07 20:26:55 +0000 2018,1.0,0.0,0.0,RT @StephenGutowski: @brianstelter Here's Obama's communications director Anita Dunn on Reliable Sources saying Fox News isn't a news stati‚Ä¶,58
Fox,0.0,Fri Sep 07 20:26:54 +0000 2018,1.0,0.0,0.0,Fox News Analyst Goes Off-Script: Trump Lacks 'The Temperament' To Be President https://t.co/buaNctEKYe,59
Fox,0.0,Fri Sep 07 20:26:54 +0000 2018,1.0,0.0,0.0,RT @Philip_Elliott: Fox News has dropped live coverage of President Trump's event.,60
Fox,0.0,Fri Sep 07 20:26:54 +0000 2018,1.0,0.0,0.0,"RT @Diplo_JV: Het #ad is nu echt de spreekbuis van @groenlinks geworden.
Wordt het niet tijd dat er een tegengeluid komt. De #MSM zijn niet‚Ä¶",61
Fox,-0.4767,Fri Sep 07 20:26:54 +0000 2018,0.697,0.236,0.068,"RT @brianstelter: Obama telling the truth about his media criticism versus Trump's criticism: ""I complained plenty about Fox News, but you‚Ä¶",62
Fox,-0.765,Fri Sep 07 20:26:53 +0000 2018,0.714,0.286,0.0,And Fox is exploiting a man with mental illness. They feed his paranoia. Who exactly is running the US gov these da‚Ä¶ https://t.co/Z2eHMYgfLd,63
Fox,0.7367,Fri Sep 07 20:26:53 +0000 2018,0.692,0.064,0.244,"RT @CalebJHull: ‚ÄúI complained plenty about Fox News, but I never threatened to shut them down.‚Äù

It‚Äôs probably a good time to remind you th‚Ä¶",64
Fox,0.7888,Fri Sep 07 20:26:53 +0000 2018,0.674,0.062,0.264,"RT @KatiePavlich: ""I complained plenty about Fox News, but I never threatened to shut them down,"" -Obama, but he did have his Justice Depar‚Ä¶",65
Fox,0.0,Fri Sep 07 20:26:53 +0000 2018,1.0,0.0,0.0,"RT @amber_athey: Obama didn't just ""complain"" about Fox News -- he spied on their reporters.",66
Fox,0.7888,Fri Sep 07 20:26:52 +0000 2018,0.674,0.062,0.264,"RT @KatiePavlich: ""I complained plenty about Fox News, but I never threatened to shut them down,"" -Obama, but he did have his Justice Depar‚Ä¶",67
Fox,-0.4767,Fri Sep 07 20:26:51 +0000 2018,0.697,0.236,0.068,"RT @brianstelter: Obama telling the truth about his media criticism versus Trump's criticism: ""I complained plenty about Fox News, but you‚Ä¶",68
Fox,-0.3612,Fri Sep 07 20:26:51 +0000 2018,0.889,0.111,0.0,RT @TheLastRefuge2: Chuck Todd Says ‚ÄúFight Back‚Äù Against Fox News ‚Äì Two Days Later Unstable Man Drives Truck into Fox¬†News‚Ä¶ https://t.co/Vn‚Ä¶,69
Fox,-0.25,Fri Sep 07 20:26:51 +0000 2018,0.8,0.2,0.0,RT @Lrihendry: Why is Obama on Fox spewing propaganda?,70
Fox,-0.7754,Fri Sep 07 20:26:51 +0000 2018,0.721,0.279,0.0,"RT @counterchekist: ‚ÄúFailing NY Times may not like me, but the short crazy despot guy who‚Äôs executed officials with an anti-aircraft gun, t‚Ä¶",71
Fox,0.0,Fri Sep 07 20:26:51 +0000 2018,1.0,0.0,0.0,@oBake_fox https://t.co/fb4eUDPxuz,72
Fox,0.7888,Fri Sep 07 20:26:50 +0000 2018,0.674,0.062,0.264,"RT @KatiePavlich: ""I complained plenty about Fox News, but I never threatened to shut them down,"" -Obama, but he did have his Justice Depar‚Ä¶",73
Fox,-0.6957,Fri Sep 07 20:26:50 +0000 2018,0.64,0.269,0.09,"RT @HLAurora63: Why are you giving this SOB a platform Fox News?! Absolutely disgusting and anti-American.

Everything out of that bastard'‚Ä¶",74
Fox,0.0,Fri Sep 07 20:26:50 +0000 2018,1.0,0.0,0.0,RT @danpfeiffer: Oh the nostalgia of seeing a President speak who knows things beyond what was on Fox and has read a book this century.,75
Fox,0.0,Fri Sep 07 20:26:49 +0000 2018,1.0,0.0,0.0,RT @kilmeade: Horsing around on the #Fox square... üê¥ how‚Äôs your #Friday morning? @foxandfriends https://t.co/C4voL23mo0,76
Fox,0.0,Fri Sep 07 20:26:49 +0000 2018,1.0,0.0,0.0,"RT @amber_athey: Obama didn't just ""complain"" about Fox News -- he spied on their reporters.",77
Fox,0.2325,Fri Sep 07 20:26:49 +0000 2018,0.833,0.067,0.1,"RT @NBCNews: Former President Obama: ‚ÄúI complained plenty about Fox News, but you never heard me threaten to shut them down, or call them ‚Äò‚Ä¶",78
Fox,-0.5423,Fri Sep 07 20:26:49 +0000 2018,0.857,0.143,0.0,"@NBCNews Obama, you spied on Fox reporters, seized phone records and personal emails and declared James Rosen an enemy of the state.",79
Fox,0.0,Fri Sep 07 20:26:48 +0000 2018,1.0,0.0,0.0,"RT @dallascowboys: This is OUR moment.
#DallasCowboys

#DALvsCAR ¬ª 3:25 PM CT ¬ª FOX https://t.co/WrWhMFCvUu",80
Fox,-0.4767,Fri Sep 07 20:26:48 +0000 2018,0.697,0.236,0.068,"RT @brianstelter: Obama telling the truth about his media criticism versus Trump's criticism: ""I complained plenty about Fox News, but you‚Ä¶",81
Fox,-0.4215,Fri Sep 07 20:26:48 +0000 2018,0.891,0.109,0.0,"RT @RBReich: Trump is ramping up his lies through his main amplifiers: Fox News, his rallies, and his Twitter account. Here are 3 ways you‚Ä¶",82
Fox,0.7888,Fri Sep 07 20:26:47 +0000 2018,0.674,0.062,0.264,"RT @KatiePavlich: ""I complained plenty about Fox News, but I never threatened to shut them down,"" -Obama, but he did have his Justice Depar‚Ä¶",83
Fox,-0.2263,Fri Sep 07 20:26:47 +0000 2018,0.769,0.132,0.099,"RT @KDKA: BACK ON THE BIG SCREEN: As a special tribute to actor Burt Reynolds, who died yesterday, a local movie theater will have a specia‚Ä¶",84
Fox,-0.3818,Fri Sep 07 20:26:47 +0000 2018,0.88,0.12,0.0,"RT @bennyjohnson: Obama criminally prosecuted Fox News journalists.
Obama had his DOJ surveil Fox News reporters, track their whereabouts a‚Ä¶",85
Fox,0.7888,Fri Sep 07 20:26:46 +0000 2018,0.674,0.062,0.264,"RT @KatiePavlich: ""I complained plenty about Fox News, but I never threatened to shut them down,"" -Obama, but he did have his Justice Depar‚Ä¶",86
Fox,0.0,Fri Sep 07 20:26:46 +0000 2018,1.0,0.0,0.0,@trumpwarrior61 Watch TV. Not Fox.,87
Fox,0.5267,Fri Sep 07 20:26:45 +0000 2018,0.866,0.0,0.134,RT @Cernovich: James Rosen's parents were among those who had their phone records seized by the Dept. of Justice during its investigation i‚Ä¶,88
Fox,0.4767,Fri Sep 07 20:26:45 +0000 2018,0.773,0.063,0.164,RT @dbongino: Is this guy serious? Obama‚Äôs Dept. of Justice LITERALLY criminally targeted a Fox News reporter. üëáüèª https://t.co/3mqaQKncGw,89
Fox,-0.4588,Fri Sep 07 20:26:45 +0000 2018,0.786,0.214,0.0,RT @DonnyFerguson: He literally tried to have a Fox News reporter imprisoned. https://t.co/y7wdQvlIC3,90
Fox,-0.296,Fri Sep 07 20:26:44 +0000 2018,0.879,0.121,0.0,RT @JohnJam58433580: @aynrand_global @yaronbrook @DouglasKMurray @Fox_Claire @AynRandInst Murray should ask Yaron why there is no Islamic t‚Ä¶,91
Fox,0.25,Fri Sep 07 20:26:44 +0000 2018,0.917,0.0,0.083,RT @FoxsGlaciers: Step back in time with our #retro Fox‚Äôs selection box #FreebieFriday To #enter the #prizedraw and have a chance to #win j‚Ä¶,92
Fox,0.4753,Fri Sep 07 20:26:44 +0000 2018,0.795,0.0,0.205,"I liked a @YouTube video https://t.co/QN9LetnoUi Starlink + Star Fox - Opening Cutscene (Peppy, Falco, &amp; Slippy!)",93
Fox,-0.4215,Fri Sep 07 20:26:44 +0000 2018,0.891,0.109,0.0,"RT @RBReich: Trump is ramping up his lies through his main amplifiers: Fox News, his rallies, and his Twitter account. Here are 3 ways you‚Ä¶",94
Fox,0.0,Fri Sep 07 20:26:44 +0000 2018,1.0,0.0,0.0,RT @gavinesler: So let me get this right. The Brexit Secretary hasn‚Äôt done his Brexit homework. The NI Secretary doesn‚Äôt know about Unionis‚Ä¶,95
Fox,-0.4767,Fri Sep 07 20:26:43 +0000 2018,0.697,0.236,0.068,"RT @brianstelter: Obama telling the truth about his media criticism versus Trump's criticism: ""I complained plenty about Fox News, but you‚Ä¶",96
Fox,0.0,Fri Sep 07 20:26:43 +0000 2018,1.0,0.0,0.0,RT @RawStory: ‚ÄòMerger between Fox News and the Trump presidency‚Äô on display at latest campaign rally: CNN media analyst https://t.co/cfawA0‚Ä¶,97
Fox,-0.7456,Fri Sep 07 20:26:43 +0000 2018,0.716,0.284,0.0,"RT @DrJaneRuby: .@LauraLoomer was ridiculed by GOP @USRepLong while exercising her 1st Amend right

FAKE CONSERVATIVE @FoxNews @GregGutfeld‚Ä¶",98
Fox,0.0,Fri Sep 07 20:26:43 +0000 2018,1.0,0.0,0.0,RT @NASCARONFOX: NEWS: Multiple sources have confirmed to FOX that Martin Truex Jr. and Cole Pearn will go to Joe Gibbs Racing and the No.‚Ä¶,99
Fox,0.7096,Fri Sep 07 20:26:43 +0000 2018,0.636,0.078,0.286,"@RepSwalwell @TuckerCarlson Oh, you are too good and too smart to go on any Fox News programs. Avoid them like the plague.",100
New York times,-0.0258,Fri Sep 07 20:27:16 +0000 2018,0.772,0.116,0.112,RT @charliekirk11: Why do Trump supporters get banned for pushing the envelope yet liberals who incite genocide against white people keep t‚Ä¶,1
New York times,0.0,Fri Sep 07 20:27:15 +0000 2018,1.0,0.0,0.0,"RT @DanBarryNYT: Responding to Sarah Sanders, a reader calls The New York Times: https://t.co/p6id73T2H8",2
New York times,0.0,Fri Sep 07 20:27:14 +0000 2018,1.0,0.0,0.0,RT @NYTimesPR: Response from The New York Times to President Trump's comments indicating Attorney General Jeff Sessions should investigate‚Ä¶,3
New York times,0.0,Fri Sep 07 20:27:13 +0000 2018,1.0,0.0,0.0,Trump calls on Sessions to investigate anonymous NYT op-ed https://t.co/DXnA46WKFF #FoxNews,4
New York times,0.2023,Fri Sep 07 20:27:11 +0000 2018,0.863,0.054,0.083,RT @kenvogel: Not sure this is what @PressSec had in mind when she urged people to call The New York Times general switchboard to demand th‚Ä¶,5
New York times,0.0,Fri Sep 07 20:27:11 +0000 2018,1.0,0.0,0.0,"RT @VenezuelaT1: MIERDA LOCO MIRA COMO QUEDO EL SUPUESTO GRINGO DE Jaime Bayly, Jorge Rodr√≠guez LE DIO HASTA CON EL TOBO PARA QUE DEJE DE A‚Ä¶",6
New York times,-0.5423,Fri Sep 07 20:27:11 +0000 2018,0.868,0.132,0.0,"RT @RealJamesWoods: The New York Times gave voice to that #AnonymousCoward, and they wonder why so many call them ‚Äúthe enemy of the people?‚Ä¶",7
New York times,0.0,Fri Sep 07 20:27:10 +0000 2018,1.0,0.0,0.0,RT @GovMikeHuckabee: Here are some updates on the story of the New York Times op-ed by the alleged ‚Äúsenior White House official‚Äù who smugly‚Ä¶,8
New York times,0.1531,Fri Sep 07 20:27:10 +0000 2018,0.703,0.137,0.16,RT @seanspicer: Great piece by former @WhiteHouse @PressSec @AriFleischer on the anonymous senior staffer: New York Times op-ed betrays @re‚Ä¶,9
New York times,0.0,Fri Sep 07 20:27:10 +0000 2018,1.0,0.0,0.0,"""Robots Can Manage Your Money. But Even They Need Humans."" by TARA SIEGEL BERNARD via NYT The New York Times https://t.co/ZmTkLHZqe2",10
New York times,-0.5423,Fri Sep 07 20:27:08 +0000 2018,0.863,0.137,0.0,"RT @peterbakernyt: ""As bad as you think it is, it‚Äôs actually worse‚Äù: What if Anonymous and Woodward are only scratching the surface? @sbg1‚Ä¶",11
New York times,-0.5122,Fri Sep 07 20:27:08 +0000 2018,0.823,0.177,0.0,"RT @SecretaryPerry: I am not the author of the New York Times OpEd, nor do I agree with its characterizations. Hiding behind anonymity and‚Ä¶",12
New York times,0.0,Fri Sep 07 20:27:08 +0000 2018,1.0,0.0,0.0,"RT @DanBarryNYT: Responding to Sarah Sanders, a reader calls The New York Times: https://t.co/p6id73T2H8",13
New York times,0.0,Fri Sep 07 20:27:08 +0000 2018,1.0,0.0,0.0,RT @NYTimesPR: Response from The New York Times to President Trump's comments indicating Attorney General Jeff Sessions should investigate‚Ä¶,14
New York times,0.3612,Fri Sep 07 20:27:07 +0000 2018,0.889,0.0,0.111,"RT @erinruberry: What‚Äôs DC like?

The cashier at CVS is asking customers who they think wrote the New York Times op-ed.",15
New York times,0.2023,Fri Sep 07 20:27:05 +0000 2018,0.863,0.054,0.083,RT @kenvogel: Not sure this is what @PressSec had in mind when she urged people to call The New York Times general switchboard to demand th‚Ä¶,16
New York times,-0.7845,Fri Sep 07 20:27:05 +0000 2018,0.769,0.231,0.0,"RT @atDavidHoffman: When asked today, Trump would not rule out the death penalty for the senior official who wrote the op-ed for the New Yo‚Ä¶",17
New York times,-0.5423,Fri Sep 07 20:27:04 +0000 2018,0.868,0.132,0.0,"RT @RealJamesWoods: The New York Times gave voice to that #AnonymousCoward, and they wonder why so many call them ‚Äúthe enemy of the people?‚Ä¶",18
New York times,-0.5122,Fri Sep 07 20:27:04 +0000 2018,0.823,0.177,0.0,"RT @SecretaryPerry: I am not the author of the New York Times OpEd, nor do I agree with its characterizations. Hiding behind anonymity and‚Ä¶",19
New York times,0.5267,Fri Sep 07 20:27:04 +0000 2018,0.855,0.0,0.145,RT @The_Trump_Train: BREAKING: President Trump calls on the Department of Justice to investigate The New York Times‚Äô publication of an anon‚Ä¶,20
New York times,0.0,Fri Sep 07 20:27:03 +0000 2018,1.0,0.0,0.0,RT @aravosis: Lindsey Graham (R-Moscow) just claimed that the anonymous New York Times letter proves that Mueller hasn‚Äôt found anything in‚Ä¶,21
New York times,-0.5122,Fri Sep 07 20:27:03 +0000 2018,0.823,0.177,0.0,"RT @SecretaryPerry: I am not the author of the New York Times OpEd, nor do I agree with its characterizations. Hiding behind anonymity and‚Ä¶",22
New York times,0.0,Fri Sep 07 20:27:03 +0000 2018,1.0,0.0,0.0,"RT @GOPLeader: If you didn‚Äôt believe in the Deep State before, it just took out an advertisement in The New York Times. https://t.co/88lV3j‚Ä¶",23
New York times,0.0,Fri Sep 07 20:27:02 +0000 2018,1.0,0.0,0.0,"RT @GOPLeader: If you didn‚Äôt believe in the Deep State before, it just took out an advertisement in The New York Times. https://t.co/88lV3j‚Ä¶",24
New York times,0.0,Fri Sep 07 20:27:01 +0000 2018,1.0,0.0,0.0,"RT @RealJamesWoods: The New York Times has become Twitter, a troll cesspool... https://t.co/UgkBMsJtGE",25
New York times,-0.7845,Fri Sep 07 20:27:01 +0000 2018,0.769,0.231,0.0,"RT @atDavidHoffman: When asked today, Trump would not rule out the death penalty for the senior official who wrote the op-ed for the New Yo‚Ä¶",26
New York times,0.0,Fri Sep 07 20:27:00 +0000 2018,1.0,0.0,0.0,Perspective | Publishing that anonymous New York Times article wasn‚Äôt ‚Äògutless.‚Äô But writing it probably was. https://t.co/UZzMKZeqEm,27
New York times,0.0,Fri Sep 07 20:27:00 +0000 2018,1.0,0.0,0.0,"El diario cita como fuente a un alto funcionario espa√±ol, que revela que tanto el exesp√≠a ruso envenenado en Londre‚Ä¶ https://t.co/dIWs40qbgT",28
New York times,-0.0258,Fri Sep 07 20:26:59 +0000 2018,0.772,0.116,0.112,RT @charliekirk11: Why do Trump supporters get banned for pushing the envelope yet liberals who incite genocide against white people keep t‚Ä¶,29
New York times,0.5267,Fri Sep 07 20:26:59 +0000 2018,0.855,0.0,0.145,RT @The_Trump_Train: BREAKING: President Trump calls on the Department of Justice to investigate The New York Times‚Äô publication of an anon‚Ä¶,30
New York times,0.4588,Fri Sep 07 20:26:59 +0000 2018,0.87,0.0,0.13,RT @DrDGrossman: Anti-abortion and anti-birth control advocates have been pushing this for years to gut the contraception benefit in the Af‚Ä¶,31
New York times,0.3182,Fri Sep 07 20:26:57 +0000 2018,0.905,0.0,0.095,"RT @charliekirk11: Just got off the phone with a prominent Republican donor

He is offering $50,000 cash to information that will lead to t‚Ä¶",32
New York times,0.5775,Fri Sep 07 20:26:57 +0000 2018,0.836,0.0,0.164,"RT @HAGOODMANAUTHOR: WHO WAS THERE TO SAVE US FROM OBAMA? NEW YORK TIMES?? #LIVE: #PRESIDENTOBAMA REBUKES TRUMP, SAYS #PRESIDENTTRUMP CAUSI‚Ä¶",33
New York times,-0.0258,Fri Sep 07 20:26:56 +0000 2018,0.772,0.116,0.112,RT @charliekirk11: Why do Trump supporters get banned for pushing the envelope yet liberals who incite genocide against white people keep t‚Ä¶,34
New York times,-0.5562,Fri Sep 07 20:26:55 +0000 2018,0.661,0.339,0.0,RT @realDonaldTrump: The Failing New York Times! https://t.co/SHsXvYKpBf,35
New York times,0.0772,Fri Sep 07 20:26:55 +0000 2018,0.947,0.0,0.053,RT @SaysHummingbird: Sarah Sanders uses her government  account to post the New York Times phone number ‚Äî and tells people to ask them to I‚Ä¶,36
New York times,-0.7845,Fri Sep 07 20:26:54 +0000 2018,0.769,0.231,0.0,"RT @atDavidHoffman: When asked today, Trump would not rule out the death penalty for the senior official who wrote the op-ed for the New Yo‚Ä¶",37
New York times,0.7432,Fri Sep 07 20:26:54 +0000 2018,0.559,0.0,0.441,"@PressSec I called to praise The ""not failing"" New York Times.",38
New York times,-0.5562,Fri Sep 07 20:26:53 +0000 2018,0.661,0.339,0.0,RT @realDonaldTrump: The Failing New York Times! https://t.co/SHsXvYKpBf,39
New York times,0.6597,Fri Sep 07 20:26:53 +0000 2018,0.769,0.0,0.231,"RT @sergenyt: ""Keep up the good work,"" a caller tells The New York Times. Thank you, @PressSec for the referrals..... https://t.co/FcUZ0mrq‚Ä¶",40
New York times,0.0,Fri Sep 07 20:26:53 +0000 2018,1.0,0.0,0.0,"RT @DanBarryNYT: Responding to Sarah Sanders, a reader calls The New York Times: https://t.co/p6id73T2H8",41
New York times,0.0,Fri Sep 07 20:26:53 +0000 2018,1.0,0.0,0.0,RT @TheOnion: ‚ÄòNew York Times‚Äô Publishes Bombshell Anonymous Opinion Article From White House Insider https://t.co/oHc4z5rVXL #WhatDoYouThi‚Ä¶,42
New York times,-0.5122,Fri Sep 07 20:26:52 +0000 2018,0.823,0.177,0.0,"RT @SecretaryPerry: I am not the author of the New York Times OpEd, nor do I agree with its characterizations. Hiding behind anonymity and‚Ä¶",43
New York times,-0.7845,Fri Sep 07 20:26:51 +0000 2018,0.769,0.231,0.0,"RT @atDavidHoffman: When asked today, Trump would not rule out the death penalty for the senior official who wrote the op-ed for the New Yo‚Ä¶",44
New York times,0.0,Fri Sep 07 20:26:51 +0000 2018,1.0,0.0,0.0,"RT @GOPLeader: If you didn‚Äôt believe in the Deep State before, it just took out an advertisement in The New York Times. https://t.co/88lV3j‚Ä¶",45
New York times,0.2023,Fri Sep 07 20:26:51 +0000 2018,0.863,0.054,0.083,RT @kenvogel: Not sure this is what @PressSec had in mind when she urged people to call The New York Times general switchboard to demand th‚Ä¶,46
New York times,0.0,Fri Sep 07 20:26:51 +0000 2018,1.0,0.0,0.0,"RT @DanBarryNYT: Responding to Sarah Sanders, a reader calls The New York Times: https://t.co/p6id73T2H8",47
New York times,0.0772,Fri Sep 07 20:26:50 +0000 2018,0.947,0.0,0.053,RT @SaysHummingbird: Sarah Sanders uses her government  account to post the New York Times phone number ‚Äî and tells people to ask them to I‚Ä¶,48
New York times,-0.5106,Fri Sep 07 20:26:50 +0000 2018,0.858,0.142,0.0,"RT @realDonaldTrump: Does the so-called ‚ÄúSenior Administration Official‚Äù really exist, or is it just the Failing New York Times with anothe‚Ä¶",49
New York times,0.0,Fri Sep 07 20:26:50 +0000 2018,1.0,0.0,0.0,RT NYTimesPR: Response from The New York Times to President Trump's comments indicating Attorney General Jeff Sessions should investigate‚Ä¶,50
New York times,0.2023,Fri Sep 07 20:26:49 +0000 2018,0.863,0.054,0.083,RT @kenvogel: Not sure this is what @PressSec had in mind when she urged people to call The New York Times general switchboard to demand th‚Ä¶,51
New York times,-0.7845,Fri Sep 07 20:26:49 +0000 2018,0.769,0.231,0.0,"RT @atDavidHoffman: When asked today, Trump would not rule out the death penalty for the senior official who wrote the op-ed for the New Yo‚Ä¶",52
New York times,-0.7845,Fri Sep 07 20:26:49 +0000 2018,0.769,0.231,0.0,"RT @atDavidHoffman: When asked today, Trump would not rule out the death penalty for the senior official who wrote the op-ed for the New Yo‚Ä¶",53
New York times,0.0,Fri Sep 07 20:26:47 +0000 2018,1.0,0.0,0.0,"RT @AriFleischer: Under the Constitution, the President, not an anonymous White House staffer, gets to decide what the ‚Äúright‚Äù direction is‚Ä¶",54
New York times,0.0,Fri Sep 07 20:26:47 +0000 2018,1.0,0.0,0.0,@propornot @stranahan New York Times vs publicly verifiable information.  I see where you are coming from.,55
New York times,0.0,Fri Sep 07 20:26:46 +0000 2018,1.0,0.0,0.0,RT @realDonaldTrump: Are the investigative ‚Äújournalists‚Äù of the New York Times going to investigate themselves - who is the anonymous lette‚Ä¶,56
New York times,-0.2732,Fri Sep 07 20:26:45 +0000 2018,0.703,0.178,0.119,@nytimes The rightfully failing New York Times has become a joke right up there with CNN.,57
New York times,-0.05,Fri Sep 07 20:26:45 +0000 2018,0.782,0.113,0.105,"RT @CBSEveningNews: ""It's not treason under the law. It's disloyalty. It's cowardly. From his point of view, it's t‚Ä¶ https://t.co/SfFIsCb7aI",58
New York times,0.0,Fri Sep 07 20:26:45 +0000 2018,1.0,0.0,0.0,"RT @GOPLeader: If you didn‚Äôt believe in the Deep State before, it just took out an advertisement in The New York Times. https://t.co/88lV3j‚Ä¶",59
New York times,-0.8868,Fri Sep 07 20:26:44 +0000 2018,0.633,0.367,0.0,"RT @GartrellLinda: FLASHBACK: Once a liar, always a liar.
New York Times Used FAKE Anonymous ‚ÄúSenior Officials‚Äù Sources In 2011 To Push Rad‚Ä¶",60
New York times,0.0,Fri Sep 07 20:26:44 +0000 2018,1.0,0.0,0.0,"RT @DanBarryNYT: Responding to Sarah Sanders, a reader calls The New York Times: https://t.co/p6id73T2H8",61
New York times,0.0,Fri Sep 07 20:26:43 +0000 2018,1.0,0.0,0.0,"RT @AriFleischer: Under the Constitution, the President, not an anonymous White House staffer, gets to decide what the ‚Äúright‚Äù direction is‚Ä¶",62
New York times,0.0,Fri Sep 07 20:26:43 +0000 2018,1.0,0.0,0.0,"RT @VenezuelaT1: MIERDA LOCO MIRA COMO QUEDO EL SUPUESTO GRINGO DE Jaime Bayly, Jorge Rodr√≠guez LE DIO HASTA CON EL TOBO PARA QUE DEJE DE A‚Ä¶",63
New York times,0.0,Fri Sep 07 20:26:41 +0000 2018,1.0,0.0,0.0,"RT @pictoline: Un alto funcionario del gobierno de Trump revel√≥ al New York Times c√≥mo est√°n las cosas dentro de la Casa Blanca 

y pues üôÉ‚Ä¶",64
New York times,0.2023,Fri Sep 07 20:26:41 +0000 2018,0.863,0.054,0.083,RT @kenvogel: Not sure this is what @PressSec had in mind when she urged people to call The New York Times general switchboard to demand th‚Ä¶,65
New York times,0.2023,Fri Sep 07 20:26:40 +0000 2018,0.863,0.054,0.083,RT @kenvogel: Not sure this is what @PressSec had in mind when she urged people to call The New York Times general switchboard to demand th‚Ä¶,66
New York times,0.0,Fri Sep 07 20:26:39 +0000 2018,1.0,0.0,0.0,"RT @DanBarryNYT: Responding to Sarah Sanders, a reader calls The New York Times: https://t.co/p6id73T2H8",67
New York times,0.0,Fri Sep 07 20:26:38 +0000 2018,1.0,0.0,0.0,"RT @AriFleischer: Under the Constitution, the President, not an anonymous White House staffer, gets to decide what the ‚Äúright‚Äù direction is‚Ä¶",68
New York times,-0.296,Fri Sep 07 20:26:37 +0000 2018,0.855,0.145,0.0,There‚Äôs an obvious suspect for that New York Times anonymous op-ed: https://t.co/wDczeEJGzl via @slate,69
New York times,0.0,Fri Sep 07 20:26:37 +0000 2018,1.0,0.0,0.0,"""Robots Can Manage Your Money. But Even They Need Humans."" by TARA SIEGEL BERNARD via NYT The New York Times https://t.co/7cPka2TBpK",70
New York times,0.0,Fri Sep 07 20:26:37 +0000 2018,1.0,0.0,0.0,"RT @John_KissMyBot: What If The Anonymous Source In The NY Times Editorial That Trashed Trump Was In Fact THE NY Times Itself 

Do You Trus‚Ä¶",71
New York times,0.6808,Fri Sep 07 20:26:36 +0000 2018,0.772,0.0,0.228,"RT @BillKristol: Good piece by @QuinHillyer: ""Maybe Anonymous‚Äô choice is wrongheaded. But it‚Äôs hardly an act of cowardice. It‚Äôs a sincere a‚Ä¶",72
New York times,-0.296,Fri Sep 07 20:26:34 +0000 2018,0.864,0.136,0.0,"RT @MarkThoma: Federal Reserve Is Sued, Accused of Limiting Competition - The New York Times https://t.co/tybQ7ZqPrR",73
New York times,0.0,Fri Sep 07 20:26:33 +0000 2018,1.0,0.0,0.0,"""Robots Can Manage Your Money. But Even They Need Humans."" by TARA SIEGEL BERNARD via NYT The New York Times https://t.co/Ykht8l7Ene",74
New York times,0.2023,Fri Sep 07 20:26:31 +0000 2018,0.863,0.054,0.083,RT @kenvogel: Not sure this is what @PressSec had in mind when she urged people to call The New York Times general switchboard to demand th‚Ä¶,75
New York times,-0.2732,Fri Sep 07 20:26:31 +0000 2018,0.861,0.09,0.049,"@RussWKYC Yo, man
(Yo)
Open up, man
(Yeah, what do you want, man?)
My op ed just caught fire
(You let them catch yo‚Ä¶ https://t.co/nfcYMQXMFA",76
New York times,-0.7845,Fri Sep 07 20:26:31 +0000 2018,0.769,0.231,0.0,"RT @atDavidHoffman: When asked today, Trump would not rule out the death penalty for the senior official who wrote the op-ed for the New Yo‚Ä¶",77
New York times,0.0,Fri Sep 07 20:26:31 +0000 2018,1.0,0.0,0.0,"RT @TranslateRealDT: The New York Times already knows who wrote it. But you don't...

Sleep tight. https://t.co/CVCJEfjEHO",78
New York times,0.3612,Fri Sep 07 20:26:30 +0000 2018,0.889,0.0,0.111,"RT @erinruberry: What‚Äôs DC like?

The cashier at CVS is asking customers who they think wrote the New York Times op-ed.",79
New York times,0.5983,Fri Sep 07 20:26:30 +0000 2018,0.85,0.0,0.15,RT @Cdeeman123: I was watching the news and they noted the same question asked to two different Supreme Court nominations! Take a look at t‚Ä¶,80
New York times,0.0,Fri Sep 07 20:26:29 +0000 2018,1.0,0.0,0.0,RT @InSpiteOfTrump: Trump calls on DOJ to find the writer of the New York Times anonymous op-ed https://t.co/JUsRmP5hA6,81
New York times,-0.743,Fri Sep 07 20:26:29 +0000 2018,0.769,0.231,0.0,"RT @SiddonsDan: ‚ÄúThe COWARDS at the New York Times are serving up distraction and destruction with this latest ""resist"" effort in an anonym‚Ä¶",82
New York times,0.0,Fri Sep 07 20:26:27 +0000 2018,1.0,0.0,0.0,.@apjvalk @eelcobvr @TomKleijnNL @tomjanmeeus @arjenUSA @_janpostma_ @maxnanet @erikmouthaanRTL @Chrkij Bij de New‚Ä¶ https://t.co/eAxfMixa5v,83
New York times,-0.3612,Fri Sep 07 20:26:27 +0000 2018,0.898,0.102,0.0,"RT @NewYorker: Both the anonymous @nytimes Op-Ed and Bob Woodward‚Äôs new book, ‚ÄúFear: Trump in the White House,‚Äù convey the laments of conse‚Ä¶",84
New York times,0.2732,Fri Sep 07 20:26:26 +0000 2018,0.9,0.0,0.1,@GovMikeHuckabee I'm confident this person does not exist but only in the twisted and demented minds of the employe‚Ä¶ https://t.co/jfPaT0gb9q,85
New York times,0.0,Fri Sep 07 20:26:26 +0000 2018,1.0,0.0,0.0,"RT @wikileaks: Based upon our statistical analysis of the language used in the New York Times anonymous Op Ed, the author is likely to be a‚Ä¶",86
New York times,-0.7845,Fri Sep 07 20:26:24 +0000 2018,0.769,0.231,0.0,"RT @atDavidHoffman: When asked today, Trump would not rule out the death penalty for the senior official who wrote the op-ed for the New Yo‚Ä¶",87
New York times,0.2023,Fri Sep 07 20:26:24 +0000 2018,0.863,0.054,0.083,RT @kenvogel: Not sure this is what @PressSec had in mind when she urged people to call The New York Times general switchboard to demand th‚Ä¶,88
New York times,-0.4137,Fri Sep 07 20:26:24 +0000 2018,0.789,0.14,0.071,"RT @Tackspayer: @realDonaldTrump I‚Äôll bet Bob Woodward‚Äôs book will top the Resurgent New York Times Bestseller list this week. You mad??

W‚Ä¶",89
New York times,0.0,Fri Sep 07 20:26:24 +0000 2018,1.0,0.0,0.0,RT @SocialPowerOne1: Now Trump wants the DOJ to investigate mean editorials about him https://t.co/zz3b0Xx0Hc,90
New York times,0.0,Fri Sep 07 20:26:23 +0000 2018,1.0,0.0,0.0,"RT @RealJamesWoods: The New York Times has become Twitter, a troll cesspool... https://t.co/UgkBMsJtGE",91
New York times,0.0,Fri Sep 07 20:26:23 +0000 2018,1.0,0.0,0.0,"RT @FoxBusiness: .@POTUS calls on DOJ to investigate New York Times‚Äô publication of anonymous, anti-Trump column by 'senior administration‚Ä¶",92
New York times,0.0,Fri Sep 07 20:26:23 +0000 2018,1.0,0.0,0.0,"RT @pictoline: Un alto funcionario del gobierno de Trump revel√≥ al New York Times c√≥mo est√°n las cosas dentro de la Casa Blanca 

y pues üôÉ‚Ä¶",93
New York times,0.0,Fri Sep 07 20:26:21 +0000 2018,1.0,0.0,0.0,RT @neha_aks: @fgautier26: ‚ÄúNew York Times and CNN all simply copy the anti-Hindu journalists in India. You have to take control of your me‚Ä¶,94
New York times,0.0,Fri Sep 07 20:26:21 +0000 2018,1.0,0.0,0.0,RT @NYTimesPR: Response from The New York Times to President Trump's comments indicating Attorney General Jeff Sessions should investigate‚Ä¶,95
New York times,0.0516,Fri Sep 07 20:26:21 +0000 2018,0.649,0.172,0.179,"RT @sirDukeDevin: Trump is saying what the New York Times did was treason.

Pretty sure arranging a meeting with Russians to get dirt on yo‚Ä¶",96
New York times,0.0,Fri Sep 07 20:26:21 +0000 2018,1.0,0.0,0.0,RT @Breaking911: JUST IN: Response from The New York Times to President Trump‚Äôs comments indicating Attorney General Jeff Sessions should i‚Ä¶,97
New York times,0.0,Fri Sep 07 20:26:20 +0000 2018,1.0,0.0,0.0,"""Robots Can Manage Your Money. But Even They Need Humans."" by TARA SIEGEL BERNARD via NYT The New York Times‚Ä¶ https://t.co/YN3zzc8DJl",98
New York times,0.2023,Fri Sep 07 20:26:20 +0000 2018,0.863,0.054,0.083,RT @kenvogel: Not sure this is what @PressSec had in mind when she urged people to call The New York Times general switchboard to demand th‚Ä¶,99
New York times,0.0,Fri Sep 07 20:26:20 +0000 2018,1.0,0.0,0.0,RT @realDonaldTrump: Are the investigative ‚Äújournalists‚Äù of the New York Times going to investigate themselves - who is the anonymous lette‚Ä¶,100
